scullyp,conservatives
MrJohnNicolson,ed_radio
marion53f,RichardlyleSnp
TasminaSheikh,theSNP
TasminaSheikh,NicolaSturgeon
DougChapmanSNP,theSNP
IanCLucas,LesothoComTeam
MrJohnNicolson,PeoplesNHSScot
TasminaSheikh,NicolaSturgeon
TasminaSheikh,osp_2015
MrJohnNicolson,batchelorshow
AlanBrownSNP,BoringOleFart
MrJohnNicolson,batchelorshow
TasminaSheikh,NicolaSturgeon
TasminaSheikh,theSNP
joannaccherry,lewisritchieSNP
joannaccherry,theSNP
GeorgeKerevan,LordAshcroft
AlanBrownSNP,theSNP
GwynneMP,Rosiecosy
GwynneMP,GwynneCllr
StephenGethins,SNP_NE_Fife
StephenGethins,theSNP
scullyp,SwitzerlandFash
scullyp,scullyp
scullyp,Team2015
StewartHosieMP,theSNP
ChrisLawSNP,JoeFitzSNP
TasminaSheikh,theSNP
TasminaSheikh,snpkinross
GradySNP,alisonthewliss
MartinJDocherty,ValeofLevenSNP
MartinJDocherty,clydebank_snp
MartinJDocherty,DumbartonSNP
MartinJDocherty,clydebank_snp
MartinJDocherty,DumbartonSNP
MartinJDocherty,ValeofLevenSNP
GradySNP,Carol4GlaNW
GradySNP,AnneMcLaughlin
GradySNP,Maryhill_SNP
MartinJDocherty,clydebank_snp
MartinJDocherty,DumbartonSNP
MartinJDocherty,ValeofLevenSNP
JimHood_MP,JimHood_MP
StewartHosieMP,i_dee51
StewartHosieMP,GlasgowMSP
StewartHosieMP,AlynSmithMEP
StewartHosieMP,RutherglenSNP
StewartHosieMP,MgtFerrierSNP
StewartHosieMP,theSNP
JackieDP,DanJukes17
StewartHosieMP,MgtFerrierSNP
StewartHosieMP,GlasgowMSP
StewartHosieMP,AlynSmithMEP
SadiqKhan,LondonLabour
ArklessRichard,AlexSalmond
ArklessRichard,EmmaSNPHarper
ArklessRichard,AlexSalmond
StewartHosieMP,MgtFerrierSNP
_PaulMonaghan,lostjimmy
AlanBrownSNP,AlanBrownSNP
AlanBrownSNP,theSNP
StephenGethins,the
StephenGethins,SNP_NE_Fife
DougChapmanSNP,calumrkerr
DougChapmanSNP,theSNP
DougChapmanSNP,EmmaSNPHarper
DougChapmanSNP,GeorgeKerevan
callum_mccaig,theSNP
joannaccherry,EdinSWSNP
joannaccherry,EdinburghWfi
joannaccherry,EdinSWSNP
joannaccherry,theSNP
MartinJDocherty,clydebank_snp
MartinJDocherty,DumbartonSNP
MartinJDocherty,ValeofLevenSNP
robertabwMP,annaturley
MartinJDocherty,ValeofLevenSNP
MartinJDocherty,DumbartonSNP
MartinJDocherty,MartinJDocherty
TasminaSheikh,theSNP
TasminaSheikh,theSNP
PGibsonSNP,theSNP
William_Bain,scottishlabour
AngelaRayner,angelaeagle
AngelaRayner,LizMcInnesMP
TasminaSheikh,theSNP
DavidWardMP,mshafiquk
StephenGethins,the
StephenGethins,SNP_NE_Fife
AngelaRayner,ClrLeighDrennan
StephenGethins,The_Proclaimers
StephenGethins,theSNP
StephenGethins,SNP_NE_Fife
AlanBrownSNP,theSNP
AlanBrownSNP,theSNP
TasminaSheikh,theSNP
TasminaSheikh,osp_2015
TasminaSheikh,osp_2015
nataliemcgarry,Amy__Macdonald
GradySNP,nataliemcgarry
TasminaSheikh,AlexSalmond
TasminaSheikh,theSNP
SadiqKhan,LondonLabour
SadiqKhan,coyleneil
SadiqKhan,LabourSJ
TasminaSheikh,AlexSalmond
TasminaSheikh,theSNP
InverclydeMP,InverclydeCLP
SadiqKhan,TootingLabour
RuthSmeeth,joanwalley1
SadiqKhan,TootingLabour
DanJarvisMP,DailyMirror
DanJarvisMP,VoiceOfGen1
GradySNP,Kenny4PartickW
GradySNP,otherchrises
MrJohnNicolson,FraserNelson
MrJohnNicolson,apmcfadyen
MrJohnNicolson,PeoplesNHSScot
GeorgeKerevan,EastLothianSNP
alisonthewliss,live_life_safe
PGibsonSNP,theSNP
StewartMcDonald,SusaninLangside
GeorgeKerevan,gregmoodie
GeorgeKerevan,jimmurphymp
IrrancaDaviesMP,Steveredwolf
IrrancaDaviesMP,IrrancaDaviesMP
IrrancaDaviesMP,birdman1066
craig4nwarks,50for15
_PaulMonaghan,AndraFaeNairn
_PaulMonaghan,dscott_aberdeen
_PaulMonaghan,susan_bell1212
Steven4Stirling,SNPDunblane
timloughton,lag36
timloughton,EdwardCrouchUK
GradySNP,GCC_SNP
GradySNP,SusaninLangside
GradySNP,Jen4Indy
GradySNP,alisonthewliss
GradySNP,GCC_SNP
MrJohnNicolson,batchelorshow
MrJohnNicolson,KeepStJoes
drewhendrySNP,lauramarsh70
drewhendrySNP,theSNP
AngelaRayner,Tameside_Labour
AngelaRayner,LabourNorthWest
AngelaRayner,Lynne_Stott
GwynneMP,GwynneCllr
GwynneMP,GwynnePup
TasminaSheikh,ScotNational
BarrySheerman,paulwaugh
BarrySheerman,Examiner
BarrySheerman,BBCLeeds
tobyperkinsmp,AngusMacNeilMP
tobyperkinsmp,NicolaSturgeon
DeidreBrock,snpenl
joannaccherry,billybragg
joannaccherry,LondonWelshCCLL
CLeslieMP,CLeslieMP
CLeslieMP,ChristineCarer
CLeslieMP,johnmcdonnellMP
PGibsonSNP,JohnSwinney
_PaulMonaghan,ferryoons
_PaulMonaghan,MagickmikeMike
SadiqKhan,barkinglabour
SadiqKhan,lbbdcouncil
SadiqKhan,margarethodge
kirstenoswald,eastwoodsnp222
willquince,mercurytheatre
nataliemcgarry,Shettleston_SNP
lisacameronsnp,HumzaYousaf
TasminaSheikh,theSNP
callum_mccaig,AbdnNorthKirsty
DanJarvisMP,ShefLabStudents
StewartHosieMP,PeteWishart
StewartHosieMP,theSNP
nataliemcgarry,theSNP
TasminaSheikh,theSNP
LiamFoxMP,GeorgeWParker
LiamFoxMP,BBCRadio4
LiamFoxMP,DefenceHQ
kirstenoswald,TommySheppard
kirstenoswald,theSNP#voteSNP
GregHands,conservatives
TasminaSheikh,theSNP
TasminaSheikh,osp_2015
StewartMcDonald,LadyM_McManus
TasminaSheikh,theSNP
GradySNP,missjuliewooly
SadiqKhan,TootingLabour
GeraldJonesLAB,NThomasSymonds
StephenGethins,theSNP
SadiqKhan,LondonLabour
DougChapmanSNP,theSNP
DougChapmanSNP,theSNP
DougChapmanSNP,DougChapmanSNP
_PaulMonaghan,theSNP
TasminaSheikh,theSNP
TasminaSheikh,theSNP
StephenGethins,theSNP
StephenGethins,SNP_NE_Fife
MartinJDocherty,ValeofLevenSNP
MartinJDocherty,clydebank_snp
MartinJDocherty,DumbartonSNP
GradySNP,Kenny4PartickW
GwynneMP,GwynneCllr
_PaulMonaghan,traceymacleod1
SamGyimah,Telegraph
GeorgeKerevan,EastLothianSNP
MichelleThomson,EDI_Airport
StewartHosieMP,theSNP
EilidhWhiteford,EilidhWhiteford
EilidhWhiteford,crowdfunderuk
drewhendrySNP,naughtiej
DougChapmanSNP,inverkev
DougChapmanSNP,trekkie101
DougChapmanSNP,theSNP
meaglemp,sarahsackman
meaglemp,SadiqKhan
DougChapmanSNP,theSNP
DougChapmanSNP,DougChapmanSNP
EmmaReynoldsMP,SarahOwen_
ericjoyce,dazeythinker
ericjoyce,akmacg
stellacreasy,sacha_mbe
ArklessRichard,NicolaSturgeon
ArklessRichard,JoanMcAlpine
ArklessRichard,AileenMcLeodMSP
ArklessRichard,NicolaSturgeon
ArklessRichard,JoanMcAlpine
ArklessRichard,AileenMcLeodMSP
ArklessRichard,NicolaSturgeon
ArklessRichard,JoanMcAlpine
LouHaigh,sheffieldlive
LiamFoxMP,DefenceHQ
LiamFoxMP,NATO
EmmaReynoldsMP,LeftFootFwd
LiamFoxMP,LibbyWienerITV
LiamFoxMP,itvnews
LiamFoxMP,NATO
LiamFoxMP,DefenceHQ
AngelaRayner,Tameside_Labour
lisacameronsnp,lesleyriddoch
DanJarvisMP,imrichardmorris
DanJarvisMP,EstuaryTV
DanJarvisMP,OnnMel
AlanBrownSNP,AlanBrownSNP
PGibsonSNP,theSNP
nataliemcgarry,AmnestyUK
ChrisLawSNP,AmnestyUK
StewartHosieMP,nhsbill2015
JasonMcCartney,womensaid
JasonMcCartney,Girlguiding
callum_mccaig,AbdnNorthKirsty
StewartMcDonald,GlasgowSouthSNP
SadiqKhan,LondonLabour
StewartMcDonald,GlasgowSouthSNP
GradySNP,gusna11
MrJohnNicolson,AmnestyUK
AlanBrownSNP,AlanBrownSNP
mattwarman,R4wli
mattwarman,flipsidefunny
TomTugendhat,lukedcoffey
TomTugendhat,Telegraph
StewartMcDonald,AmnestyUK
GeorgeKerevan,AmnestyUK
GeorgeKerevan,EastLothianSNP
swilliamsmp,sammorganmoore
swilliamsmp,DarrenHall2015
swilliamsmp,TimHarford
_PaulMonaghan,theSNP
_PaulMonaghan,MorayMP
LiamFoxMP,ScotTories
LiamFoxMP,RuthDavidsonMSP
drewhendrySNP,ObiWanMacJock
drewhendrySNP,InvernessSNP
PeteWishart,ScotForUK
StewartMcDonald,CassiltounHA
ChiOnwurah,eveningchron
LiamFoxMP,davemckay76
LiamFoxMP,pressjournal
LiamFoxMP,ScotTories
SadiqKhan,LondonLovesBiz
SadiqKhan,unisontweets
SadiqKhan,electprentis
LiamFoxMP,AJABurnett
LiamFoxMP,ScotTories
LiamFoxMP,theSNP
joannaccherry,EdinSWSNP
_PaulMonaghan,GunnPolitics
_PaulMonaghan,SuthSNP
_PaulMonaghan,theSNP
_PaulMonaghan,MorayMP
nataliemcgarry,Palayo
nataliemcgarry,WomenForIndy
swilliamsmp,LibDems
AlexSalmond,TasminaSheikh
AlexSalmond,theSNPs
TasminaSheikh,theSNP
PGibsonSNP,theSNP
LiamFoxMP,AJABurnett
LiamFoxMP,RossThomsonTory
LiamFoxMP,SenAbnorth
AlexSalmond,TasminaSheikh
davidtcdavies,chepstowschool
tobyperkinsmp,ThunderclapIt
tobyperkinsmp,youngvotersuk
GeorgeKerevan,EastLothianSNP
BobBlackmanMP,backborwick
BobBlackmanMP,MayorofLondon
BobBlackmanMP,DeputyMayorTH
BobBlackmanMP,UKParliament
_PaulMonaghan,GPMcGregor
DanJarvisMP,ThurrockPolly
DanJarvisMP,thurrocklabour
lucianaberger,UKLabour
TasminaSheikh,AlexSalmond
TasminaSheikh,theSNP
charles_kennedy,HighlandLibDems
TasminaSheikh,AlexSalmond
TasminaSheikh,KeithBrownMSP
TasminaSheikh,AlynSmithMEP
TasminaSheikh,theSNP
StewartMcDonald,GlasgowSouthSNP
stevedouble,AndyscafeNQY
StephenGethins,SNP_NE_Fife
meaglemp,Ed_Miliband
GradySNP,GlasgowMSP
GradySNP,Kenny4PartickW
FionaODonnellMP,EastLothianCLP
HelenGoodmanMP,CateGeorge69
StephenGethins,theSNP
StephenGethins,SNP_NE_Fife
joannaccherry,WomenForIndy
GradySNP,Kenny4PartickW
TasminaSheikh,theSNP
ArklessRichard,AileenMcLeodMSP
RogMull,clatchardcraig
grahamemorris,Conorpope
grahamemorris,LabourList
AlexSalmond,EilidhWhitefords
_PaulMonaghan,theSNP
_PaulMonaghan,theSNP
_PaulMonaghan,GunnPolitics
DeidreBrock,SNPEdinForth
joannaccherry,SnpLochaber
joannaccherry,WomenForIndy
joannaccherry,TasminaSheikh
AlexSalmond,EilidhWhitefords
_PaulMonaghan,Manresapoint
DanJarvisMP,StigAbell
DanJarvisMP,LBC
DanJarvisMP,UKLabours
MartinJDocherty,DumbartonSNP
drewhendrySNP,JohnSwinney
EilidhWhiteford,AlexSalmond
ArklessRichard,mrskerryw
nataliemcgarry,NicolaSturgeon
DeidreBrock,snpenl
TasminaSheikh,theSNP
DougChapmanSNP,DougChapmanSNP
InverclydeMP,InverclydeCLP
AlanBrownSNP,AlanBrownSNP
AlanBrownSNP,AlanBrownSNP
SadiqKhan,LondonLabour
paulasherriff,JaynePDunn
paulasherriff,KarenRowling
JeffSmithetc,genrentuk
RogMull,tara6171
GeorgeKerevan,EastLothianSNP
GeorgeKerevan,ScotNational
GeorgeKerevan,EastLothianSNP
GeorgeKerevan,EastLothianSNP
drewhendrySNP,AmnestyUK
SadiqKhan,RowanMoore
IrrancaDaviesMP,UKLabour
DanJarvisMP,BBCWestminHour
DanJarvisMP,carolynquinncq
DanJarvisMP,BBCRadio4
DanJarvisMP,BBCSheffield
Maria_MillerMP,NMcCiavelli
meaglemp,lara_norris
meaglemp,Jessica_Asato
DAlexanderMP,Daily_Record
NadineDorriesMP,grantshapps
RogMull,AmnestyUK
GeorgeKerevan,NaeFear
GeorgeKerevan,EastLothianSNP
GeorgeKerevan,elcourier
GeorgeKerevan,EastLothianSNP
FionaODonnellMP,AmnestyUK
PGibsonSNP,theSNP
DavidNuttallMP,Blisscharity
DJWarburton,Parlez_me_nTory
DavidLammy,Independent
SteveReedMP,GavinBarwellMP
SteveReedMP,SteveReedMP
callum_mccaig,theSNP
PaulBlomfieldMP,CAMRA_Officials
GeorgeKerevan,EastLothianSNP
SadiqKhan,shelaghfogarty
SadiqKhan,LBC
SadiqKhan,angelaeagle
SadiqKhan,LondonLabour
SadiqKhan,hammersmithandy
joanryanEnfield,whipper_snap
joannaccherry,AmnestyUK
joannaccherry,Lawyersforyes
MrJohnNicolson,BBCWorldTonight
HannahB4LiviMP,AmnestyUK
RichardBurdenMP,saltervilla
RichardBurdenMP,B31Voices
RichardBurdenMP,Bret4Northfield
AndyMcDonaldMP,UKLabour
DavidLammy,Independent
grahamemorris,alzheimerssoc
alancampbellmp,alzheimerssoc
adriansandersmp,alzheimerssoc
GradySNP,ClydesdAileen
GradySNP,JoanMcAlpine
GradySNP,adamfiddle
GradySNP,jockulla
GradySNP,NapierHamish
MrJohnNicolson,AlexSalmond
MichelleThomson,LoveQueensferry
MichelleThomson,CllrNormanWork
BenPBradshaw,alzheimerssoc
_PaulMonaghan,ganbowling
GradySNP,adamfiddle
GradySNP,NapierHamish
AngelaRayner,Tameside_Labour
DougChapmanSNP,youtube
AngelaRayner,unionstogether
AngelaRayner,unionstogether
TasminaSheikh,theSNP
AngelaRayner,OwenJones84
AngelaRayner,Palomafaith
lucianaberger,MirrorPolitics
GradySNP,ClydesdAileen
GradySNP,JoanMcAlpine
GradySNP,Kenny4PartickW
GradySNP,PartickFeargal
ChrisM4Chester,uochester
GradySNP,HumzaYousaf
GeorgeKerevan,ScotNational
GeorgeKerevan,EastLothianSNP
AngelaRayner,Tameside_Labour
StewartMcDonald,GlasgowSouthSNP
KeeleyMP,ruthyie
KeeleyMP,jreynoldsMP
EmilyThornberry,Spetmologer
EmilyThornberry,IslingtonSouth
GradySNP,tomclearwood
karinsmyth,BWV2
MartinJDocherty,DumbartonSNP
nataliemcgarry,DuineEileAmhain
PaulBurstow,GlenthornePSHE
PaulBurstow,BBCMarkMardell
StewartMcDonald,theSNP
LiamFoxMP,the_tpa
LiamFoxMP,iealondon
LiamFoxMP,isaby
LiamFoxMP,MarkJLittlewood
LiamFoxMP,J_Bloodworth
StewartMcDonald,RuPaul
julianhuppert,pinknews
EmmaReynoldsMP,Jessica_Asato
EmmaReynoldsMP,labourlewis
MrJohnNicolson,38_degrees
grahamemorris,ChrisCr999
lisanandy,GdnVoluntary
callum_mccaig,AbdnNorthKirsty
joanryanEnfield,whipper_snap
StewartMcDonald,RuglenReformer
joanryanEnfield,olaygazeteuk
EmmaReynoldsMP,Jessica_Asato
DeidreBrock,MarcoBiagiMSP
DeidreBrock,EdinCentralSNP
DeidreBrock,snpenl
GeorgeKerevan,EastLothianSNP
RobWilson_RDG,theabbeyschool
MrJohnNicolson,NicolaSturgeon
DeidreBrock,snpenl
DeidreBrock,misterhsk
MichelleThomson,EdinburghSNP
StewartMcDonald,GlasgowSouthSNP
MartinJDocherty,clydebank_snp
marion53f,Alibroon1
StephenGethins,SNP_NE_Fife
StephenGethins,theSNP
MartinJDocherty,clydebank_snp
MartinJDocherty,DumbartonSNP
MartinJDocherty,ValeofLevenSNP
GradySNP,jimijoflynn
GradySNP,dmross63
GradySNP,Kenny4PartickW
GradySNP,Jen4Indy
GradySNP,MackaySNP
StewartHosieMP,StephenGethins
StewartHosieMP,SNP_NE_Fife
StewartHosieMP,theSNP
StephenGethins,StewartHosieMP
StephenGethins,SNP_NE_Fife
StephenGethins,theSNP
Maria_MillerMP,BasGazette
StewartHosieMP,theSNP
_PaulMonaghan,ferryoons
_PaulMonaghan,ferryoons
_PaulMonaghan,MacKenziePeterR
_PaulMonaghan,traceymacleod1
_PaulMonaghan,theSNP
_PaulMonaghan,HighlandSNP
_PaulMonaghan,SuthSNP
_PaulMonaghan,YesHighland
_PaulMonaghan,JamesAmcvean
_PaulMonaghan,AlexanderEmbo
MrJohnNicolson,misterhsk
GeorgeKerevan,EastLothianSNP
MrJohnNicolson,Ivan_McKee
MrJohnNicolson,ruth_wishart
AlexSalmond,MarrShow
mikeweirsnp,Tricia_td
AlexSalmond,Radio5live
mikeweirsnp,shirleyjseaton
StewartMcDonald,GlasgowSouthSNP
PhilBoswellSNP,PhilBoswellSNP
LSRPlaid,Plaid_Cymru
StephenGethins,SNP_NE_Fife
TasminaSheikh,theSNP
MartinJDocherty,SandraWhiteSNP
MartinJDocherty,PartickFeargal
EmmaReynoldsMP,WSW_Labour
AnneMcLaughlin,WingsScotland
AnneMcLaughlin,Fankledoose
GeorgeKerevan,ScotNational
Stewart4Pboro,IainDale
tobyperkinsmp,dan4barnsley
tobyperkinsmp,RSylvesterTimes
HenrySmithMP,Telegraph
MartinJDocherty,AlanJPatterson
MartinJDocherty,theSNP
thomasbrake,mylifemysay
vickyfoxcroft,Channel4
vickyfoxcroft,twitter
IanMearnsMP,HS2Parliament
georgegalloway,BradfordCollege
georgegalloway,ikonmusic1
GeorgeKerevan,LordAshcroft
GeorgeKerevan,EastLothianSNP
StewartHosieMP,LordAshcrofts
StewartHosieMP,theSNP
robertabwMP,vincemaple
robertabwMP,naushabahkhan
robertabwMP,cllrtrisosborne
_PaulMonaghan,NicolaSturgeon
_PaulMonaghan,JohnSwinney
StewartMcDonald,Katy_McCloskey
StewartMcDonald,BBCScotlandNews
stellacreasy,SaffronKim
Keir_Starmer,GavinJuniper
Keir_Starmer,CamdenLabour
wesstreeting,edballsmp
edvaizey,conservatives
MartinJDocherty,bear_ger
MartinJDocherty,sdailey87
MartinJDocherty,AnndraMoireach
MartinJDocherty,clydebank_snp
MartinJDocherty,DumbartonSNP
MartinJDocherty,ValeofLevenSNP
MrJohnNicolson,NicolaSturgeon
meaglemp,UKLabour
IanMearnsMP,ThunderclapIt
IanMearnsMP,youngvotersuk
JennyChapman,ThunderclapIt
JennyChapman,youngvotersuk
kevin_j_foster,PRSD
kevin_j_foster,TorbayCA
timfarron,NickPetre
robertabwMP,Purna_Sen
LilianGreenwood,NottinghamCitz
LilianGreenwood,RoyalNottingham
leicesterliz,CitizensUK
RichardBurdenMP,CommonsIDC
RichardBurdenMP,malcolmbruce
PhilipDaviesMP,Dazpower
PhilipDaviesMP,georgegalloway
RogMull,yeskelty
drdanpoulter,CitizensUK
AlanBrownSNP,AlanBrownSNP
StewartMcDonald,scottishlabour
StewartMcDonald,theSNP
RichardBurgon,BBCLeeds
_PaulMonaghan,NicolaSturgeon
StephenGethins,SNP_NE_Fife
joannaccherry,Radical_Indy
joannaccherry,demTVscot
JoStevensLabour,UKLabour
GradySNP,SNPwindaes
GradySNP,alisonthewliss
joannaccherry,theSNP
SadiqKhan,BBCMarkMardell
SDoughtyMP,PenarthTimes
wesstreeting,MikeGapes
wesstreeting,Jas_Athwal
wesstreeting,CarolineFlintMP
nataliemcgarry,GlasgowSNP
mtpennycook,greenwichlabours
mtpennycook,charlton_house
MartinJDocherty,clydebank_snp
MartinJDocherty,DumbartonSNP
MartinJDocherty,ValeofLevenSNP
MartinJDocherty,clydebank_snp
MartinJDocherty,DumbartonSNP
MartinJDocherty,ValeofLevenSNP
MrJohnNicolson,Channel4
ChriswMP,Ed_Miliband
JulieHillingMP,HoughtonWeavers
ChiOnwurah,ed_milliband
mtpennycook,charlton_house
JulieHillingMP,HoughtonWeavers
JackDromeyMP,ITVCentral
GeorgeKerevan,EastLothianSNP
GeorgeKerevan,EastLothianSNP
SteveReedMP,LabourSJ
RichardBurdenMP,edballsmp
wesstreeting,GarryPatrick1
lynbrownmp,Telegraph
BrandonLewis,David_Cameron
MrJohnNicolson,LikeYourFitness
MrJohnNicolson,AlexSalmond
davidmackintosh,SaintsRugby
JoStevensLabour,UNISONWales
EmmaReynoldsMP,LouiseBaldock
EmmaReynoldsMP,robertabwMP
EmmaReynoldsMP,val_hudson
_PaulMonaghan,MDUK_News
MartinJDocherty,clydebank_snp
MartinJDocherty,janemum1
MartinJDocherty,MartinJDocherty
wesstreeting,Ed_Miliband
_PaulMonaghan,gordon_tony
SadiqKhan,UKLabours
SadiqKhan,Ed_Miliband
BrandonLewis,Telegraph
StephenGethins,SNP_NE_Fife
EmmaReynoldsMP,LouiseBaldock
EmmaReynoldsMP,annaturley
TasminaSheikh,theSNP
ben4ipswich,DPJHodges
ben4ipswich,Ed_Miliband
JasonMcCartney,hudpolitics
JasonMcCartney,huddersfielduni
TasminaSheikh,theSNP
RobertBuckland,SwindonAdvocacy
FionaODonnellMP,sallymiranda
lisacameronsnp,cllrgsimpson
StewartMcDonald,HumzaYousaf
_PaulMonaghan,theSNP
_PaulMonaghan,YesHighland
_PaulMonaghan,theSNP
NazShahBfd,GlenysThornton
NazShahBfd,tom_watson
AlanBrownSNP,williecoffeysnp
edvaizey,guardiancultureâ€™s
GradySNP,DerekMackayMSP
GradySNP,jesuisELP
KatyClarkMP,LabourCfS
GradySNP,NicolaSturgeon
DeidreBrock,NicolaSturgeon
TasminaSheikh,theSNP
TasminaSheikh,theSNP
TasminaSheikh,NicolaSturgeon
SadiqKhan,wheatsheafTbec
StewartMcDonald,NicolaSturgeon
StewartMcDonald,NicolaSturgeon
Debbie_abrahams,eharveyART
LizMcInnesMP,julie4nw
LizMcInnesMP,akhanmep
DJWarburton,grantshapps
MrJohnNicolson,amanjit
AlexSalmond,MrJohnNicolsons
GradySNP,SNPKelvin
TasminaSheikh,theSNPs
MrJohnNicolson,AlexSalmond
CatMcKinnellMP,CitizensUK
CatMcKinnellMP,rochellemonte
EmilyThornberry,LBC
GeorgeKerevan,EastLothianSNP
NadineDorriesMP,theJeremyVine
AlokSharma_RDG,JM_Wentworth
AlokSharma_RDG,getreading
AlokSharma_RDG,Ed_Miliband
danielbyles,Telegraph
KatyClarkMP,unionstogether
MickeyBrady4MP,SinnFeinElectio
MartinJDocherty,clydebank_snp
MartinJDocherty,DumbartonSNP
MartinJDocherty,ValeofLevenSNP
SadiqKhan,Uma_Kumaran
SadiqKhan,UKLabours
JackDromeyMP,MarrShow
JackDromeyMP,David_Cameron
IanCLucas,Wrexham_AFC
GradySNP,theSNP
GradySNP,NicolaSturgeon
MrJohnNicolson,AlexSalmond
kirstenoswald,theSNP
_PaulMonaghan,theSNP
_PaulMonaghan,MorayMP
_PaulMonaghan,Evins
_PaulMonaghan,gov
GeorgeKerevan,DanusSkene
GeorgeKerevan,EastLothianSNP
Keir_Starmer,CamdenLabour
JonAshworth,bbc5live
JonAshworth,StephenNolan
Dunne4Ludlow,Dunne4Ludlow
MartinJDocherty,brianmcgui
Byron_Davies,Telegraph
stephen_mosley,Telegraph
CLeslieMP,ConHomeHeres
GwynneMP,suzy4harlow
GwynneMP,ThurrockPolly
Jo_Cox1,RegistHERtoVote
StewartMcDonald,SNPwindaes
SadiqKhan,LondonLabour
grahamemorris,HouseofCommons
MichelleThomson,EDWESTERNSNP
TomTugendhat,DanJarvis
TomTugendhat,Telegraph
kevin_j_foster,TQHeraldExpress
GwynneMP,suzy4harlows
grantshapps,bbchw
grantshapps,bbcwm
JamesDuddridge,Wakeringvillage
olivercolvile,MayorofLondon
olivercolvile,Telegraph
EmmaReynoldsMP,MissleeCarlisle
grahamemorris,grahamemorris
_PaulMonaghan,MorayMP
SadiqKhan,IainDale
SadiqKhan,LBC
HywelPlaidCymru,Plaid_Cymru
tobyperkinsmp,LabourChestrfld
ben4bath,conservatives
SarahChampionMP,SarahChampionMP
SadiqKhan,itvlondon
SadiqKhan,LondonLabour
JonAshworth,rory_palmer
GregHands,charliedewhirst
ronniecowan,HumzaYousaf
ronniecowan,snp
GRobinsonDUP,P_U_L_Views
GRobinsonDUP,dmcbfs
GRobinsonDUP,GRobinsonDUP
SadiqKhan,BBCnewsLondon
kevin_j_foster,BBCDevon
michelledonelan,David_Cameron
grantshapps,adamboultonSKY
grantshapps,SkyNews
JBrokenshire,alzheimerssoc
GregHands,charliedewhirst
michelledonelan,David_Cameron
JoStevensLabour,OwenSmithMP
MickeyBrady4MP,SinnFeinElectio
JackDromeyMP,grantshapps
JackDromeyMP,BBCNews
BarrySheerman,BBCNews
davidtcdavies,MonmouthCA
michelledonelan,David_Cameron
_PaulMonaghan,JamesAmcvean
TasminaSheikh,theSNP
GregHands,Jackienborland
GregHands,gregsmithsw6
GregHands,victoriaB_F
JoStevensLabour,TheBigTriangle
Annette4MDNP,dale_mason1
HarrietHarman,SELabour
HarrietHarman,MKLabourParty
HarrietHarman,andrew4MK
DougChapmanSNP,DougChapmanSNP
PGibsonSNP,NicolaSturgeon
CarolineLucas,thercn
JamesDuddridge,RebeccaHarrisMP
JamesDuddridge,goldenlionales
kitmalthouse,conservatives
thomasbrake,SimonHughes
NicDakinMP,SarahballSarah
_PaulMonaghan,OurPeoplesNHSScot
SDoughtyMP,welshlabour
JamesDuddridge,AlexanderBright
EmmaReynoldsMP,ChrisM4Chester
SarahChampionMP,SarahChampionMP
johnpughmp,hopenothate
MGreenwoodWW,wirrallabour
leicesterliz,LukePollard
leicesterliz,UKLabour
DougChapmanSNP,theSNP
ChukaUmunna,SkyNewsBoulton
ChukaUmunna,adamboultonSKY
DougChapmanSNP,theSNP
JoStevensLabour,TheBigTriangle
JoStevensLabour,bbcwales
JoStevensLabour,TheBigTriangle
HarrietHarman,andrew4MK
HarrietHarman,UKLabour
TristramHuntMP,Uma_Kumaran
TristramHuntMP,GarethThomasMP
TristramHuntMP,CaitlinBisknell
MrJohnNicolson,batchelorshow
coyleneil,standardnews
coyleneil,BOSLabour
tania_mathias,Telegraph
Byron_Davies,Telegraph
PaulBurstow,LibDems
JamesDuddridge,Essex_Echo
TasminaSheikh,ScotNational
TasminaSheikh,Bruce_Fummey
TasminaSheikh,scotgp
TasminaSheikh,theSNP
marion53f,theSNP
annietrev,conservatives
MrJohnNicolson,batchelorshow
MartinJDocherty,ValeofLevenSNP
MartinJDocherty,morganmcmichael
MartinJDocherty,RuPaul
DamianCollins,Telegraph
timfarron,LibDems
timfarron,joswinson
Debbie_abrahams,michaelmeacher
hammersmithandy,HammersmithAcad
TristramHuntMP,Azhar4Pendle
TristramHuntMP,JulieForBurnley
tomgreatrexmp,RuglenReformer
MikeKaneMP,REStPauls
davidtcdavies,lovetheangel
Debbie_abrahams,cllrjennyoldham
Debbie_abrahams,ChauhanZahid
EricPickles,JackieDP
HywelPlaidCymru,Plaid_Cymru
rushanaraali,lynbrownmp
StewartMcDonald,NicolaSturgeon
davidburrowesmp,SolaceWomensAid
Caroline_Ansell,Telegraph
GradySNP,AnneMcLaughlin
robertabwMP,val_hudson
robertabwMP,MissleeCarlisle
rushanaraali,margarethodge
AlanBrownSNP,AlanBrownSNP
helenhayes_,RashidNix
helenhayes_,guinness_occupy
CatMcKinnellMP,Ed_Milibands
GregMulholland1,FleeceOtley
davidtcdavies,lovetheangel
TristramHuntMP,DailyMirror
Freeman_George,DanHannanMEP
JoStevensLabour,guto_davies
jessphillips,eddieizzard
CarolineLucas,riseuk
NorwichChloe,NRConservatives
DrPhillipLeeMP,DrLeeBracknell
thomasbrake,greenergood_uk
_PaulMonaghan,ARobertsonSNP
thomasbrake,SimonHughes
KateGreenSU,LDAEngland
marklazarowicz,xanabe
JBrokenshire,BrandonLewis
TasminaSheikh,HumzaYousaf
TasminaSheikh,StewartHosieSNP
MichelleThomson,EDWESTERNSNP
MrJohnNicolson,NicolaSturgeon
MrJohnNicolson,julieetchitv
TasminaSheikh,NicolaSturgeon
callum_mccaig,NicolaSturgeon
TasminaSheikh,NicolaSturgeon
EmmaReynoldsMP,Steph_Peacock
ronniecowan,NicolaSturgeon
LiamFoxMP,Ed_Miliband
MrJohnNicolson,NicolaSturgeon
HywelPlaidCymru,LeanneWood
HywelPlaidCymru,Plaid_Cymru
RobertBuckland,David_Cameron
TasminaSheikh,NicolaSturgeon
TasminaSheikh,theSNP
jreynoldsMP,UKLabour
TasminaSheikh,theSNP
ronniecowan,NicolaSturgeon
TasminaSheikh,theSNP
StewartMcDonald,theSNP
StewartMcDonald,Plaid_Cymru
StewartMcDonald,NicolaSturgeon
StewartMcDonald,theSNP
HighPeakAndrew,GlossopNorthEnd
cathyjamieson,KillieLabour
Debbie_abrahams,Ed_Miliband
andreajenkyns,alstewitn
andreajenkyns,John_J_C_Moss
andreajenkyns,SkyNewsIt
StewartMcDonald,NicolaSturgeon
JamesDuddridge,conservatives
JamesDuddridge,shoeburyblogger
mtpennycook,LeagueACS
GregMulholland1,BBCLeeds
GregMulholland1,richardstead
GeorgeKerevan,RuthDavidsonMSP
GeorgeKerevan,MusselburghRace
GeorgeKerevan,EastLothianSNP
Helen_Whately,BessBrowningKM
TasminaSheikh,theSNP
TasminaSheikh,JeaneF1
TasminaSheikh,WomenForIndy
TasminaSheikh,theSNP
GradySNP,SNPwindaes
PGibsonSNP,theSNP
DeidreBrock,Edinwestern
DeidreBrock,DeidreBrock
charles_kennedy,SPP_macallister
callum_mccaig,KevinStewartMSP
MartinJDocherty,DumbartonSNP
MartinJDocherty,ValeofLevenSNP
MartinJDocherty,clydebank_snp
_PaulMonaghan,NicolaSturgeon
_PaulMonaghan,ARobertsonSNP
drewhendrySNP,NicolaSturgeon
cathyjamieson,KillieLabour
drewhendrySNP,Stubuscus
ronniecowan,stuartbrown77
GradySNP,Carol4GlaNW
TasminaSheikh,theSNPs
TasminaSheikh,PeterMurrell
PhilBoswellSNP,youtube
PhilBoswellSNP,PhilBoswellSNP
PhilBoswellSNP,crowdfunderuk
fionamacmp,Election4castUKCON
MartinJDocherty,ValeofLevenSNP
EmmaReynoldsMP,BBCBreakfast
JasonMcCartney,Gemmawilson31
TasminaSheikh,Iainwith2ayes
EmmaReynoldsMP,BBCNews
MartinJDocherty,clydebank_snp
MartinJDocherty,ValeofLevenSNP
MartinJDocherty,DumbartonSNP
SadiqKhan,LondonLabour
AdamAfriyie,conservatives
ChukaUmunna,DJMag
EricPickles,wilford4th
lucianaberger,UKLabour
PGibsonSNP,theSNP
GradySNP,Carol4GlaNW
EricPickles,HannahDavid_HW
TasminaSheikh,theSNP
GradySNP,SNPwindaes
TristramHuntMP,Mari_Williams
SueHayman1,julie4nw
SueHayman1,BarbaraACannon
SueHayman1,naschofield
GradySNP,Carol4GlaNW
_PaulMonaghan,theSNP
PhilBoswellSNP,youtube
TasminaSheikh,KeithBrownMSP
TasminaSheikh,theSNP
PhilBoswellSNP,youtube
SadiqKhan,TootingLabour
AlanBrownSNP,AlanBrownSNP
TristramHuntMP,NASUWT
RichardBurdenMP,UKLabour
IanMearnsMP,RogerWestwood
EmmaReynoldsMP,AnneFairweather
PhilBoswellSNP,PhilBoswellSNP
PhilBoswellSNP,crowdfunderuk
PGibsonSNP,theSNP
KeeleyMP,CarersTrust
johnmcdonnellMP,johnmcdonnellMP
_PaulMonaghan,ARobertsonSNP
_PaulMonaghan,moraysnp
GeorgeKerevan,Telegraph
GeorgeKerevan,EastLothianSNP
MichelleThomson,EDWESTERNSNP
AlexSalmond,RogMull
DianaJohnsonMP,CllrAlanClark
DianaJohnsonMP,sjb_hull
davidtcdavies,MarkJHarris111
davidtcdavies,DelBoyd10
_PaulMonaghan,theSNP
BrandonLewis,George_Osborne
BrandonLewis,conservatives
_PaulMonaghan,MagiGibson
_PaulMonaghan,comeandjoinus45
nataliemcgarry,nataliemcgarry
AnneMiltonMP,Telegraph
_PaulMonaghan,CrannTarra
RogMull,theSNP
mikeweirsnp,WingsScotland
mikeweirsnp,velivingston
lisacameronsnp,libby_mcarthur
KerryMP,SharonHodgson_
PhilBoswellSNP,youtube
mimsdavies,cwowomenâ€?#Gr8News
Stewart4Pboro,Telegraph
GeorgeKerevan,ScotNational
GeorgeKerevan,EastLothianSNP
GeorgeKerevan,CNDuk
GeorgeKerevan,ScottishCND
GeorgeKerevan,MusselburghRace
GeorgeKerevan,NicolaSturgeon
GeorgeKerevan,EastLothianSNP
Royston_Smith,JYDenham
TasminaSheikh,osp_2015
TasminaSheikh,theSNP
_PaulMonaghan,theSNP
BorisJohnson,LouiseMensch
BorisJohnson,ConHome
RobertBuckland,matt_mahon
HywelPlaidCymru,Dafydd_Wigley
HywelPlaidCymru,Plaid_Cymru
HywelPlaidCymru,Dafydd_Wigley
HywelPlaidCymru,Plaid_Cymru
grahamemorris,labour52rose
GradySNP,GlasgowMSP
GradySNP,Kenny4PartickW
GradySNP,HillheadKen
GradySNP,KayleighWaugh1
GradySNP,dmross63
callum_mccaig,theSNP
danielbyles,ThePaulVickers
danielbyles,LouiseMensch
stevewebb1,jameskirkup
olivercolvile,radioplymouth
leicesterliz,JimForScotland
KarlTurnerMP,KaufmanLegal
KarlTurnerMP,Crim_sol_PH
KarlTurnerMP,SadiqKhan
danielbyles,antonyslumbers
danielbyles,LouiseMensch
MrJohnNicolson,NicolaSturgeon
IrrancaDaviesMP,guardian
RogMull,toisich69
RogMull,snpkirkcaldy
RogMull,theSNP
RogMull,toisich69
RogMull,snpkirkcaldy
RogMull,theSNP
TristramHuntMP,instagram
GeorgeKerevan,EastLothianSNP
GeorgeKerevan,EastLothianSNP
stellacreasy,timjn1
PhilBoswellSNP,NicolaSturgeon
PhilBoswellSNP,farrochie
PhilBoswellSNP,OStonestreet
KarlTurnerMP,hullkr_online
KarlTurnerMP,NeilHudgell
PhilBoswellSNP,Lyno45
EmmaReynoldsMP,Azhar4Pendle
TasminaSheikh,JohnSwinney
TasminaSheikh,theSNP
TasminaSheikh,strathearnrose
TasminaSheikh,aewingmsp
drewhendrySNP,theSNP#GE15
_PaulMonaghan,theSNP
_PaulMonaghan,ferryoons
MartinJDocherty,clydebank_snp
MartinJDocherty,DumbartonSNP
MartinJDocherty,ValeofLevenSNP
nick_clegg,Lisa_Smart
AlasdairMcD_MP,youtube
GeorgeKerevan,IBTimes
GeorgeKerevan,EastLothianSNP
_PaulMonaghan,alzscot
Freeman_George,9Millionwomen
Y_FovargueMP,paultskenny
Y_FovargueMP,donny_222
GeorgeKerevan,johnmcternan
GeorgeKerevan,EastLothianSNP
PhilBoswellSNP,bigandy68
EmmaReynoldsMP,Azhar4Pendle
nick_clegg,DoddsJane
PhilBoswellSNP,NicolaSturgeon
EmmaReynoldsMP,JulieForBurnley
joannaccherry,EdinSWSNP
JackDromeyMP,pete4stour
Craig4CardiffN,Team2015
Craig4CardiffN,JoelTory
Craig4CardiffN,cardiffnorth15
MichelleThomson,willie_rennie
Annette4MDNP,dale_mason1
StewartMcDonald,NicolaSturgeon
PhilBoswellSNP,youtube
StewartMcDonald,NicolaSturgeon
_PaulMonaghan,traceymacleod1
_PaulMonaghan,theSNP
_PaulMonaghan,HighlandSNP
_PaulMonaghan,SNP_Thurso
ChrisWhite_MP,RobMargrave
tobyperkinsmp,Robwhiteman1
tobyperkinsmp,tobyperkinsmp
MartinChelt,CheltCons
MartinChelt,CheltUKIP
AlecShelbrooke,garforthlions
AlecShelbrooke,rothwelllions
AlecShelbrooke,wetherbylion
annietrev,Jeremy_Hunt
William_Bain,bbc5live
William_Bain,JimForScotland
SarahChampionMP,MDUK_News
GeorgeKerevan,EastLothianSNP
lisacameronsnp,NicolaSturgeon
PhilBoswellSNP,raiphsays
PhilBoswellSNP,lynnleishman
lisacameronsnp,NicolaSturgeon
MGreenwoodWW,andyburnhammp
davidtcdavies,Priory_Centre
LiamByrneMP,EXPTOUGH
LiamByrneMP,wesstreeting
LiamByrneMP,IlfordNorthCLP
GregMulholland1,bbc5live
GregMulholland1,bbcfivelive
EmmaReynoldsMP,lucianaberger
EmmaReynoldsMP,JamesFrith
MartinJDocherty,ValeofLevenSNP
MartinJDocherty,IRobertsonSNP
MartinJDocherty,DumbartonSNP
MartinJDocherty,clydebank_snp
LiamByrneMP,IlfordNorthCLP
LiamByrneMP,wesstreeting
LiamByrneMP,patrickhall4mp
LiamByrneMP,YoungLabourUK
callum_mccaig,NicolaSturgeon
LiamByrneMP,patrickhall4mp
LiamByrneMP,YoungLabourUK
TasminaSheikh,theSNP
EmmaReynoldsMP,wdjstraw
EmmaReynoldsMP,lucianaberger
EmmaReynoldsMP,GrahamJones_MP
georgegalloway,ukrespectparty
HywelPlaidCymru,Plaid_Cymru
HywelPlaidCymru,Plaid_Cymru
SadiqKhan,LondonLabour
SadiqKhan,WillJMartindale
SadiqKhan,stephenkb
SadiqKhan,TheStaggers
MartinChelt,nick_clegg
MartinChelt,Glosecho
TristramHuntMP,davidellesmere
RachelReevesMP,TelePolitics
RachelReevesMP,RosaPrinceUK
RichardBurdenMP,weoleylabour
EmmaReynoldsMP,LizMcInnesMP
NickHarveyND,northdevon24
AlecShelbrooke,garforthlions
AlecShelbrooke,rothwelllions
AlecShelbrooke,wetherbylion
RachaelMaskell,Harryslaststand
RachaelMaskell,bbciplayer
MartinJDocherty,_stephensweeney
MartinJDocherty,theSNP
davidtcdavies,Priory_Centre
StewartMcDonald,NicolaSturgeon
GeorgeKerevan,EastLothianSNP
rushanaraali,UKPatchwork
KateOsamor,EdmontonCLP
KateOsamor,LondonLabour
TristramHuntMP,BBCr4today
mikeweirsnp,abbyshepherd
Stewart4Pboro,BBCCambs
Stewart4Pboro,dottymcl
Stewart4Pboro,julianhuppert
TristramHuntMP,BBCNewsbeat
TristramHuntMP,UKLabour
NadineDorriesMP,Stewart4Pboro
_PaulMonaghan,AlynSmithMEP
lynbrownmp,Telegraph
TristramHuntMP,BBCNewsbeat
TristramHuntMP,UKLabour
_PaulMonaghan,AlynSmithMEP
DamianCollins,CG19700
RogMull,theSNP
TristramHuntMP,UKLabours
TristramHuntMP,UKLabours
TristramHuntMP,UKLabours
TristramHuntMP,UKLabours
TristramHuntMP,UKLabours
TristramHuntMP,UKLabours
TristramHuntMP,UKLabours
MarkReckless,MarkReckless
StewartMcDonald,UKTransInfos
tobyperkinsmp,ChesterfieldBC
kirstenoswald,joan_sturgeon
kirstenoswald,theSNP
TasminaSheikh,theSNP
EmmaReynoldsMP,LabourSJ
DdeBK,mikenesbittni
StewartMcDonald,simon_brooke
RichardBurdenMP,neilelkes
drewhendrySNP,Ivan_McKee
leicesterliz,vriyait
leicesterliz,MatherSam
leicesterliz,Amanda7Saunders
leicesterliz,HansMulleur
LindsayHoyle_MP,Cllr_ABradley
HywelPlaidCymru,RheinalltPuw
HywelPlaidCymru,Plaid_Cymru
JoStevensLabour,Harryslaststand
HywelPlaidCymru,Plaid_Cymru
HywelPlaidCymru,osianowen1
HywelPlaidCymru,Plaid_Cymru
joannaccherry,EdinSWSNP
PhilBoswellSNP,youtube
leicesterliz,Observer_Owl
leicesterliz,Turmaines
leicesterliz,UKLabour
leicesterliz,EofELabourhttp//tco/fviyIRu4Le
TasminaSheikh,theSNP
grahamemorris,guardian
danielbyles,MSmithsonPB
PhilBoswellSNP,lauraewaddell
Debbie_abrahams,MikeKaneMP
Debbie_abrahams,AngelaRayner
Craig4CardiffN,NickRamsayAM
Craig4CardiffN,CardiffCF
Craig4CardiffN,cardiffnorth15
BrandonLewis,Telegraph
PhilBoswellSNP,JohnSwinney
hammersmithandy,UKLabour
hammersmithandy,SadiqKhan
hammersmithandy,Keir_Starmer
TristramHuntMP,hannahwitton
TristramHuntMP,LewisParker1995
TristramHuntMP,KennyImafidon
TristramHuntMP,JazzaJohn
TristramHuntMP,BiteTheBallot
PhilBoswellSNP,youtube
EmmaReynoldsMP,IanAustinMP
TasminaSheikh,theSNP
GWilliamsonMP,Conservative
Stewart4Pboro,PaulStainton
karinsmyth,UKLabour
EmmaReynoldsMP,bbc5live
leicesterliz,UKLabour
leicesterliz,EastMidsLabour
GeorgeKerevan,scottishlabour
GeorgeKerevan,conservatives
GeorgeKerevan,EastLothianSNP
Rees4Neath,welshlabour
AlexSalmond,raysmithphoto
HywelPlaidCymru,Plaid_Cymru
HywelPlaidCymru,Plaid_Cymru
robertabwMP,annaturley
hammersmithandy,Ed_Milibands
HywelPlaidCymru,Plaid_Cymru
HywelPlaidCymru,C4Gogglebox
HywelPlaidCymru,Plaid_Cymru
RoryStewartUK,ChukaUmunna
MichelleThomson,scottishlabour
Steven4Stirling,NicolaSturgeon
BrandonLewis,Telegraph
PhilBoswellSNP,susannecc
KarlTurnerMP,MirrorPolitics
KarlTurnerMP,GavinMontana
KarlTurnerMP,Ed_Miliband
KarlTurnerMP,UKLabour
georgegalloway,sadiq_shabana
RobertBuckland,eldenecommunity
RobertBuckland,AnnetteMilsom
Jo_Cox1,UKLabour
hammersmithandy,HFLabour
hammersmithandy,Turmaine
lucianaberger,UKLabour
nataliemcgarry,HumzaYousaf
nataliemcgarry,JohnMasonMSP
SimonDanczuk,RochdaleOnline
Stewart4Pboro,pborogreyhounds
Stewart4Pboro,MGcomment
wesstreeting,TwitterUK
tobyperkinsmp,LabourChestrfld
TasminaSheikh,theSNP
TristramHuntMP,UKLabour
PaulBurstow,BBCNews
PaulBurstow,SkyNews
PaulBurstow,LibDems
PaulBurstow,BBCNews
PaulBurstow,SkyNews
PaulBurstow,LibDems
GradySNP,Kenny4PartickW
joannaccherry,EdinSWSNP
KeeleyMP,turtle4360
_PaulMonaghan,theSNPs
_PaulMonaghan,theSNPs
callum_mccaig,theSNP
drewhendrySNP,jacktlad
drewhendrySNP,PeoplesNHS
PaulBurstow,LibDems
PaulBurstow,MaryBurstow
MartinJDocherty,JohnSwinney
MartinJDocherty,clydebank_snp
MartinJDocherty,DumbartonSNP
MartinJDocherty,ValeofLevenSNP
JoStevensLabour,UKLabour
StewartMcDonald,SNPwindaes
StewartMcDonald,GlasgowSouthSNP
SeemaMalhotra1,BBCNews
MGreenwoodWW,Steve_Rotheram
MGreenwoodWW,LpoolWaltonCLP
MGreenwoodWW,WavertreeCLP
PhilBoswellSNP,youtube
EmmaReynoldsMP,IanAustinMP
MartinJDocherty,NaeFear
MartinJDocherty,clydebank_snp
Rees4Neath,Gwendathomas
Rees4Neath,welshlabour
kevin_j_foster,DevonCC
kevin_j_foster,LibDems
_PaulMonaghan,dave43uk
_PaulMonaghan,PhillipS1961
_PaulMonaghan,sowsnett
TasminaSheikh,theSNP
RichardBurdenMP,weoleylabour
RichardBurdenMP,Steve4Weoley
JoStevensLabour,welshlabour
JoStevensLabour,UKLabour
_PaulMonaghan,NicolaSturgeons
TasminaSheikh,AvrilMcivor
TasminaSheikh,theSNP
TasminaSheikh,snpclacks
lisacameronsnp,NicolaSturgeon
callum_mccaig,AbdnNorthKirsty
annietrev,Rinstead
RobertBuckland,Jennifergaunt11
PhilBoswellSNP,GaryCairney
DianaJohnsonMP,MissJBartlett
DianaJohnsonMP,KarlTurnerMP
jreedmp,RealDMitchell
SimonDanczuk,SimonDanczuk
swilliamsmp,SunPoliticsWest
JohnMannMP,Telegraph
JoStevensLabour,Keir_Starmer
ronniecowan,sun_pol_scot
ronniecowan,sun_pol_scot
GradySNP,jamiehepburn
GradySNP,GlasgowMSP
PaulBurstow,BBCNews
PaulBurstow,LibDems
TristramHuntMP,instagram
edballsmp,MarkJSewards
HywelPlaidCymru,Plaid_Cymru
_PaulMonaghan,theSNP
MartinJDocherty,weecmac
KarlTurnerMP,UKLabour
PaulBurstow,LibDems
JoStevensLabour,alededwardscym
RogMull,_Normina_
RogMull,FaeTroon
PhilBoswellSNP,youtube
TristramHuntMP,DailyMirror
TristramHuntMP,UKLabour
TristramHuntMP,CateySmith
TristramHuntMP,Amina_Lone
TristramHuntMP,guardian
PhilBoswellSNP,thoughtland
nataliemcgarry,carolynleckie
SimonDanczuk,RochdaleOnline
GradySNP,jamiehepburn
GradySNP,GlasgowMSP
RogMull,theSNP
labourlewis,johnprescott
labourlewis,uniofeastanglia
LiamFoxMP,iainastewart
LiamFoxMP,MKConservatives
sheryllmurray,f40campaign
sheryllmurray,RSNonline
TristramHuntMP,ProgressOnline
JonCruddas_1,UKLabour
GeorgeKerevan,EastLothianSNP
heidiallen75,LBC
LiamFoxMP,iainastewart
LiamFoxMP,MKConservatives
AlexSalmond,VoteDrewHendry
TristramHuntMP,Amina_Lone
GeorgeKerevan,EastLothianSNP
SDoughtyMP,StanwellSchool
PGibsonSNP,theSNP
TasminaSheikh,PapiBurgundy
TasminaSheikh,theSNP
MartinJDocherty,SusaninLangside
MartinJDocherty,StewartMcDonald
EmmaReynoldsMP,RebeccaBlake31
TristramHuntMP,instagram
TristramHuntMP,CateySmith
PhilBoswellSNP,youtube
TristramHuntMP,BBCNewsnight
joannaccherry,wildlifeheals
JoStevensLabour,eddieizzard
TristramHuntMP,BBCNewsnight
GradySNP,DerekMackayMSP
GradySNP,AlynSmithMEP
ChrisPincher,andybell5news
ChrisPincher,RobWilson_RDG
DougChapmanSNP,ChukaUmunna
ChukaUmunna,BloombergTV
ChukaUmunna,vincecable
ChukaUmunna,NickBolesMP
MartinJDocherty,sailor_jerry
TristramHuntMP,BBCNewsnight
TristramHuntMP,KirstyWark
TristramHuntMP,RuthCadburyhttp//tco/k89ZX7JIQh
StewartMcDonald,JohnSwinney
StewartMcDonald,Shaw_Busi_Assoc
TristramHuntMP,RuthCadbury
Jo_Cox1,JoshFG
Jo_Cox1,GMBCampaigns
davidtcdavies,Priory_Centre
LiamFoxMP,paulscoins
LiamFoxMP,bbc
LiamFoxMP,Tickenhamgolf
EmmaReynoldsMP,daily_politics
SadiqKhan,TheVoiceNews
SadiqKhan,UKLabours
nick_clegg,SimonHughes
leicesterliz,patrickhall4mp
leicesterliz,EofELabour
leicesterliz,UKLabour
RobertBuckland,utcswindon
EmmaReynoldsMP,BBCNews
EmmaReynoldsMP,bbc5live
craig4nwarks,tamworthherald
RogMull,NicolaSturgeon
RogMull,BarnardosScot
AlanBrownSNP,AlanBrownSNPVote
CarolineLucas,pressassoc
CarolineLucas,DrBrianMay
CarolineLucas,CarolineLucas
swilliamsmp,bbcrb
HuddlestonNigel,BigBraLady
GeorgeKerevan,EastLothianSNP
GeorgeKerevan,elcourier
GeorgeKerevan,EastLothianSNP
leicesterliz,LabourSJ
leicesterliz,LondonLabour
leicesterliz,ValShawcross
leicesterliz,CroydonLabour
StewartMcDonald,JohnSwinney
TasminaSheikh,theSNP
GradySNP,SNPwindaes
KateOsamor,EdmontonCLP
KateOsamor,garyheatherFJ
MrJohnNicolson,thefifer1314
kevin_j_foster,colby_jackie
StephenTwigg,Hortini
kevin_j_foster,colby_jackie
TristramHuntMP,UKLabour
LSRPlaid,UKLabour
LSRPlaid,UKLabour
CarolineLucas,BrighthelmURC
SimonDanczuk,Yoshimi_999
SteveReedMP,LOVESE19
GeorgeKerevan,Common_Weal
GeorgeKerevan,EastLothianSNP
JoStevensLabour,ACCAWales
PaulBurstow,LibDems
mtpennycook,mycenaehouse
AlasdairMcD_MP,SDLPlive
_PaulMonaghan,RoyalMail
_PaulMonaghan,parcelforce
TristramHuntMP,hartsholmeacad
TristramHuntMP,carljarvis_eos
TristramHuntMP,LucyRigby
lisacameronsnp,McgoldrickJa
MartinJDocherty,clydebank_snp
MartinJDocherty,DumbartonSNP
MartinJDocherty,ValeofLevenSNP
SadiqKhan,bbc5live
SadiqKhan,ElthamHill
AnnMcKechinMP,sfha_hq
PaulBurstow,LibDems
AlecShelbrooke,BBCLeeds
StephenGethins,SNP_NE_Fife
TristramHuntMP,UKLabour
LiamFoxMP,blindchildrenuk
GregMulholland1,LibDems
HywelPlaidCymru,Plaid_Cymru
HywelPlaidCymru,LeanneWood
AlasdairMcD_MP,SDLPlive
DamianCollins,shepwaydc
TristramHuntMP,Lucy_Rigby
DougChapmanSNP,StewartHosieSNP
LiamFoxMP,scouts
Stewart4Pboro,Georgiaellenh
TristramHuntMP,UKLabour
TristramHuntMP,KevinGillottPPC
GeorgeKerevan,EastLothianSNP
tomgreatrexmp,RuglenReformer
TristramHuntMP,leoniemathers
TristramHuntMP,NicolleNdiweni
TristramHuntMP,GloriaDePiero
leicesterliz,BexBailey6
PhilBoswellSNP,TheGinjaNinja_
edballsmp,EveningGazette
edballsmp,untypicalboro
hammersmithandy,dan4barnsley
TristramHuntMP,AttitudeMag
TristramHuntMP,BenKellyMusic
callum_mccaig,KevinStewartMSP
naomi_long,_maggie5_
naomi_long,TrevorLunnLV
AngelaRayner,Tameside_Labour
GeraldJonesLAB,TheatrSoar
MartinJDocherty,clydebank_snp
MartinJDocherty,DumbartonSNP
MartinJDocherty,ValeofLevenSNP
KateOsamor,ojaymes
AngelaRayner,Tameside_Labour
AngelaRayner,CllrKieranQuinn
DeidreBrock,MarcoBiagiMSP
DeidreBrock,snpenl
MichelleThomson,JohnSwinney
MichelleThomson,Ivan_McKee
davidtcdavies,LearnWithMCS
TasminaSheikh,JeaneF1
TasminaSheikh,WomenForIndy
MartinJDocherty,ninacyoung
TristramHuntMP,LBC
PaulBurstow,LibDems
TulipSiddiq,AzminaSiddique
TulipSiddiq,TulipSiddiq
TulipSiddiq,RosamundUrwin
CharlieElphicke,CityAM
JWoodcockMP,RichardAngell
JWoodcockMP,timesredbox
olivercolvile,cityplym
DeidreBrock,JohnSwinney
SadiqKhan,LondonLabour
PhilBoswellSNP,dhughe12
JonCruddas_1,DandR_CLP
JonCruddas_1,ThurrockPolly
JonCruddas_1,Manuel_TSSA
JonCruddas_1,UKLabour
MrJohnNicolson,MaggieLennon1
cathyjamieson,KillieLabour
MrJohnNicolson,cwpiper
MrJohnNicolson,iaindocherty
lucyallan,tkennedy_star
lucyallan,GallacherJoanne
DavidLammy,TottenhamLabour
DavidLammy,HaringeyLabour
StewartMcDonald,JamieRoss7
TristramHuntMP,BBCBerkshire
TristramHuntMP,UKLabour
TristramHuntMP,BBC3CR
TristramHuntMP,BBCNottingham
SadiqKhan,standardnews
TristramHuntMP,BBCRadioStoke
LiamFoxMP,JSHeappey
LiamFoxMP,conservatives
LiamFoxMP,JSHeappey
TristramHuntMP,UKLabour
DamianCollins,fstoneherald
LiamFoxMP,conservatives
SadiqKhan,TootingLabour
grahamemorris,Ed_Miliband
robertabwMP,TheNorthernEcho
MichelleThomson,pressjournal
MichelleThomson,ChristinaSNP
MichelleThomson,labour
MichelleThomson,Ed_Miliband
HywelPlaidCymru,Plaid_Cymru
Stewart4Pboro,BBCRealityCheck
steve_mccabe,PJPollockVet
MrJohnNicolson,grantshapps
MrJohnNicolson,ARobertsonSNP
nataliemcgarry,libby_brooks
TasminaSheikh,WebsterGroupUK
TasminaSheikh,theSNP
TasminaSheikh,AlexSalmond
BrandonLewis,conservatives
RobWilson_RDG,conservatives
GradySNP,DerekMackayMSP
GradySNP,AlynSmithMEP
EricPickles,conservatives
IanCLucas,Wrexham
StewartMcDonald,SNPwindaes
lucianaberger,UKLabour
StewartMcDonald,SNPwindaes
drewhendrySNP,nickystone93
SadiqKhan,AmCritchard
SadiqKhan,TootingLabour
NickyMorgan01,BBCLeicester
SteveBakerHW,ranh76
SteveBakerHW,David_Cameron
RobertBuckland,Autism
labourlewis,BertBremner
labourlewis,MarkSeddon1962
CherylGillanMP,Autism
LiamFoxMP,TheatreShop1
LiamFoxMP,ClevedonTC
LiamFoxMP,NorthSomersetC
kevin_j_foster,ashingtonlad
davidtcdavies,NFUCymru
davidtcdavies,foecymrucydd
davidtcdavies,Bridges_Centre
EmmaReynoldsMP,WV11
wesstreeting,MinaRahman1
wesstreeting,MzLashmore
JoStevensLabour,OwenJones84
JoStevensLabour,welshlabour
GeorgeKerevan,EastLothianSNP
annietrev,conservatives
Rees4Neath,welshlabour
Rees4Neath,Vote_Labour
davidtcdavies,TrellechChurch
StewartMcDonald,NicolaSturgeon
GradySNP,JohnSwinney
GradySNP,Carol4GlaNW
AlanBrownSNP,AlanBrownSNP
RichardBurgon,wiredfire
DeidreBrock,theSNPs
DeidreBrock,theSNPs
Y_FovargueMP,age_uk
ChukaUmunna,CNBC
ChukaUmunna,WilfredFrost
AnneMcLaughlin,theSNPs
AnneMcLaughlin,theSNPs
LiamFoxMP,theJeremyVine
LiamFoxMP,BBCRadio2
GradySNP,vmg456
GradySNP,jimijoflynn
StewartMcDonald,NicolaSturgeon
_PaulMonaghan,theSNP
_PaulMonaghan,JohnSwinney
Y_FovargueMP,age_uk
Y_FovargueMP,winstanleycoll
_PaulMonaghan,theSNP
kevin_j_foster,TotnesUKIP
kevin_j_foster,BBCDevon
kevin_j_foster,michaelchequer
kevin_j_foster,bigbuzzard
kevin_j_foster,PlymouthChaz
Margaret_Curran,PJORourke
Margaret_Curran,BBCRadio4
mark4ceredigion,Kirsty_Williams
GradySNP,JohnSwinney
GradySNP,SandraWhiteSNP
GradySNP,JohnSwinney
Steven4Stirling,theSNP
GradySNP,JohnSwinney
GradySNP,Carol4GlaNW
lucianaberger,UKLabour
MartinJDocherty,Catheri76509321
DanielZeichner,roryweal
MartinJDocherty,ninacyoung
MartinJDocherty,NicolaSturgeon
MartinJDocherty,theSNP
AnasSarwar,matt_mann95
ChrisWhite_MP,MytonSchool
JTomlinsonMP,bbc5live
Rees4Neath,welshlabour
Rees4Neath,Vote_Labour
ChukaUmunna,SkyNews
_PaulMonaghan,theSNP
HywelPlaidCymru,Plaid_Cymru
HywelPlaidCymru,Dafydd_Wigley
HywelPlaidCymru,siangwenfelin
TasminaSheikh,theSNPs
HywelPlaidCymru,Plaid_Cymru
HywelPlaidCymru,Dafydd_Wigley
HywelPlaidCymru,siangwenfelin
TasminaSheikh,theSNP
EilidhWhiteford,ColinByiers
EilidhWhiteford,theSNP
Stewart4Pboro,canonianblack
Stewart4Pboro,StJohnsPborough
Steven4Stirling,Steven4Stirling
_PaulMonaghan,traceymacleod1
_PaulMonaghan,AmnestyUK
StewartMcDonald,NicolaSturgeon
StewartMcDonald,GlasgowSouthSNP
CPJElmore,IrrancaDaviesMP
CPJElmore,LeightonAndrews
RupaHuq,Caroline_Benn
CPJElmore,vaughangething
EricPickles,SMcPartland2015
EricPickles,grantshapps
EricPickles,OliverHeald2015
grantshapps,SMcPartland2015
HarrietHarman,Margaret_Curran
HarrietHarman,scottishlabour
HarrietHarman,kdugdalemsp
lisacameronsnp,theSNPs
edballsmp,RoryBickerton
edballsmp,caslass
edballsmp,GabbyStribley
LilianGreenwood,buspasselvis
TristramHuntMP,UKLabour
JonCruddas_1,LondonLabour
JonCruddas_1,UKLabour
LiamFoxMP,BBCAnyQuestions
LiamFoxMP,BBCRadio4
karen__bradley,Telegraph
_PaulMonaghan,DiCreggie
CPJElmore,IrrancaDaviesMP
CPJElmore,VoGLabour
PhilBoswellSNP,JohnThomasMadde
PhilBoswellSNP,rableather
_PaulMonaghan,JohnSwinney
hammersmithandy,NiaCJohn
joannaccherry,EdinSWSNP
William_Bain,scottishlabour
DeidreBrock,snpenl
DeidreBrock,activeSNP
StewartMcDonald,NicolaSturgeon
StewartMcDonald,GlasgowSouthSNP
_PaulMonaghan,mhairi_macisaac
Rees4Neath,welshlabour
Rees4Neath,Vote_Labour
Rees4Neath,welshlabour
GradySNP,Kenny4PartickW
GradySNP,MCullen27
GradySNP,Carol4GlaNW
GradySNP,tomclearwood
StewartMcDonald,audreyneeson
StewartMcDonald,NicolaSturgeon
Rees4Neath,OwenSmith4MP
Rees4Neath,BBCRadioWales
Rees4Neath,Vote_Labour
Rees4Neath,welshlabour
_PaulMonaghan,newsundayherald
RichardBurdenMP,KNLabour
RichardBurdenMP,UKLabour
Stewart4Pboro,David_Cameron
leicesterliz,Ed_Miliband
leicesterliz,UKLabour
StephenGethins,hudghtonmepSNP
lisacameronsnp,ThorWarlord
lisacameronsnp,RadioGuyGlasgow
TasminaSheikh,theSNP
TasminaSheikh,SNPStudents
TasminaSheikh,HumzaYousaf
TasminaSheikh,AamerAnwar
_PaulMonaghan,theSNPs
_PaulMonaghan,GailRossSNP
callum_mccaig,theSNP
MartinJDocherty,DianeDocherty3
SadiqKhan,BBCSPLondon
SadiqKhan,bbcOne
grahamemorris,Markfergusonuk
grahamemorris,Ed_Miliband
ericjoyce,murdo_fraser
RichardBurdenMP,Bret4Northfield
RichardBurdenMP,helston87
GeorgeKerevan,nick_clegg
GeorgeKerevan,ScotNational
GeorgeKerevan,EastLothianSNP
AlanBrownSNP,AlanBrownSNP
TristramHuntMP,MumsnetTowers
EmmaReynoldsMP,bbc5live
StewartMcDonald,AngrySalmond
LiamFoxMP,conservatives
_PaulMonaghan,TainYes
_PaulMonaghan,JohnSwinney
_PaulMonaghan,NicolaSturgeon
_PaulMonaghan,traceymacleod1
IanMearnsMP,Telegraph
GeorgeKerevan,EastLothianSNP
joannaccherry,mhairi1921
TristramHuntMP,CatherineWest1
IanCLucas,Wrexham
_PaulMonaghan,JohnSwinney
GradySNP,Suzemclaughlin
TristramHuntMP,MumsnetTowers
GeorgeKerevan,EastLothianSNP
TristramHuntMP,CatherineWest1
marion53f,theSNPs
RichardBurdenMP,HuffPostUKPol
RichardBurdenMP,MichaelDugher
JamesDuddridge,JackieDP
JamesDuddridge,williamjhague
EmmaReynoldsMP,daily_politics
GradySNP,AmnestyUK
AngelaRayner,MikeAmesbury
DavidLammy,HuffPostUKPol
DavidLammy,LouiseRidley
TristramHuntMP,MumsnetTowers
TristramHuntMP,Justine_Roberts
LiamFoxMP,annabeltall
_PaulMonaghan,NicolaSturgeons
_PaulMonaghan,JohnSwinney
nataliemcgarry,theSNP
callum_mccaig,stephenflynn88
GeorgeKerevan,chockeyboy
GeorgeKerevan,EastLothianSNP
TasminaSheikh,theSNP
GeorgeKerevan,WindsScotland
GeorgeKerevan,BrianSpanner1
GeorgeKerevan,TSSLUFC
GeorgeKerevan,stuhirst
GeorgeKerevan,EastLothianSNP
GeorgeKerevan,stuhirst
GeorgeKerevan,TSSLUFC
GeorgeKerevan,stuhirst
GeorgeKerevan,stephenphelps
GeorgeKerevan,PatricksPeople
GeorgeKerevan,stuhirst
GeorgeKerevan,GeeJayJon
GeorgeKerevan,observealot
GeorgeKerevan,stephenphelps
GeorgeKerevan,PatricksPeople
GeorgeKerevan,EastLothianSNP
TristramHuntMP,ryestudioschools
TasminaSheikh,RichardLochhead
MrJohnNicolson,thoughtland
GeorgeKerevan,EG_105
GeorgeKerevan,Historywoman
GeorgeKerevan,TSSLUFC
GeorgeKerevan,stuhirst
GeorgeKerevan,SNPOut
SadiqKhan,joanryanEnfield
GeorgeKerevan,Common_Weal
GeorgeKerevan,greendadtwit
GeorgeKerevan,FionaODonnellMP
GeorgeKerevan,melody_player
DanielZeichner,Labour_MH
lisacameronsnp,muirtsmith
lisacameronsnp,Culture_Agent
lisacameronsnp,BRWombat
MrJohnNicolson,alzscot
nataliemcgarry,t4rtanpaint
DJWarburton,sajidjavid
HywelPlaidCymru,Plaid_Cymru
davidtcdavies,HMSG_Senior
davidtcdavies,MonmouthSchool
wesstreeting,Jessica_Asato
wesstreeting,mfaulding
wesstreeting,lennyshallcross
William_Bain,FSB_Scotland
robertabwMP,DurhamCT
ronniecowan,RuthDavidsonMSP
ronniecowan,CatrionaCowan
GradySNP,cglendinning95
GradySNP,theSNP
GradySNP,Channel4News
GeorgeKerevan,gazjc1973
GeorgeKerevan,SNPOut
alisonthewliss,GlasgowSkeptics
RogMull,WeTrustInSNP
leicesterliz,Jessica_Asato
ronniecowan,gubath
ronniecowan,AngrySalmond
ronniecowan,AlexSalmond
AlistairBurtMP,porkyoldboy
RichardBurdenMP,RebeccaBlake3
LilianGreenwood,MichaelPayneUK
marion53f,LindaMillar11
StewartMcDonald,YouthComplexCYC
TasminaSheikh,DillonK_Msyp
Owen_PatersonMP,BBCShropshire
PGibsonSNP,theSNP
callum_mccaig,pressjournal
callum_mccaig,PauloconnorMBE
callum_mccaig,AbdnNorthKirsty
AlanBrownSNP,NicolaSturgeon
AlanBrownSNP,AlanBrownSNP
charles_kennedy,KateStephenHLD
charles_kennedy,jrwallace54
LiamFoxMP,NickWiltonNS
TristramHuntMP,andrew4MK
TristramHuntMP,WaltonHighmk
KateGreenSU,MargaretGreenwoodWW
KateGreenSU,LivEchonews
_PaulMonaghan,JohnSwinney
charles_kennedy,jrwallace54
EmmaReynoldsMP,alisonseabeck
JamesDuddridge,Ed_Miliband
EmmaReynoldsMP,alisonseabeck
Y_FovargueMP,UKLabour
GeorgeKerevan,EastLothianSNP
joannaccherry,AlexSalmond
MichelleThomson,NicolaSturgeon
MichelleThomson,LoveQueensferry
LiamFoxMP,BBCBristol
LiamFoxMP,bbcrb
GradySNP,GlasgowMSP
JennyWillott,WelshLibDems
LiamFoxMP,BBCBristol
LiamFoxMP,bbcrb
LiamFoxMP,geoff20man
MrJohnNicolson,batchelorshow
RobertBuckland,swindonadver
RobertBuckland,WyvernTheatre
alisonthewliss,CStephenssnp
alisonthewliss,GCC_SNP
GradySNP,SNPwindaes
TasminaSheikh,AlexSalmond
TasminaSheikh,KeithBrownMSP
tobyperkinsmp,ProactStadium
tobyperkinsmp,EMChamberNews
JackDromeyMP,Ed_Miliband
TristramHuntMP,bbcwm
TristramHuntMP,RealADGoldberg
GeorgeKerevan,EastLothianSNP
LiamFoxMP,Battlebus2015
LiamFoxMP,conservatives
GeorgeKerevan,EastLothianSNP
HannahB4LiviMP,NicolaSturgeon
HannahB4LiviMP,theSNP
MrJohnNicolson,batchelorshow
davidtcdavies,HabsMonmouth
hilarybennmp,Channel4News
GeorgeKerevan,EastLothianSNP
LilianGreenwood,ng_labour
GradySNP,StrathUnion
GradySNP,MrGaryPaterson
GradySNP,RozaSalih
LiamFoxMP,kevin_j_foster
LiamFoxMP,Battlebus2015
joannaccherry,NicolaSturgeon
joannaccherry,TasminaSheikh
SadiqKhan,TootingLabour
joannaccherry,WHDigiSentinel
acarmichaelmp,Telegraph
mark4ceredigion,TheDaffodilInn
grahamemorris,LabourList
FionaODonnellMP,hhenderson47
willquince,PMCollege
LiamFoxMP,kevin_j_foster
LiamFoxMP,conservatives
LiamFoxMP,Battlebus2015
leicesterliz,harrybishop_
leicesterliz,RebeccaBlake31
leicesterliz,WMLabour
MichelleThomson,ONECampaign
Freeman_George,labourlewis
TristramHuntMP,jessphillips
mtpennycook,ForumGreenwich
mtpennycook,GADCIL
sheryllmurray,RSNonline
TristramHuntMP,UKLabours
TristramHuntMP,MarcusduSautoy
TristramHuntMP,guardian
MartinJDocherty,CraigBendoris
MartinJDocherty,Common_Weal
MartinJDocherty,Common_Weal
ben4ipswich,HeartEastAnglia
StewartMcDonald,TomHarris4MP
DianaJohnsonMP,HullUniLabour
GradySNP,Kenny4PartickW
TristramHuntMP,UKLabours
TristramHuntMP,guardian
Jo_Cox1,ChickanosLtd
LiamFoxMP,kevin_j_foster
LiamFoxMP,LibDems
LiamFoxMP,Battlebus2015
Rees4Neath,welshlabour
Rees4Neath,Vote_Labour
LiamFoxMP,kevin_j_foster
LiamFoxMP,Battlebus2015
LiamFoxMP,kevin_j_foster
GregMulholland1,BBCLookNorth
GregMulholland1,fdarena
ronniecowan,BBCWorldTonight
tpearce003,joertmclark
tpearce003,E_TLabour
GeorgeKerevan,EastLothianSNP
AlexSalmond,calumrkerr
KarlTurnerMP,iredalepolitics
KarlTurnerMP,looknorthBBC
GregMulholland1,BBCLookNorth
SamGyimah,mehdirhasan
GregHands,IpsosMORI
Debbie_abrahams,cawalsh
CLeslieMP,whitehorsebrist
PhilBoswellSNP,MrsPatches
bernardjenkin,dailytelegraphs
bernardjenkin,AllisterHeath
LSRPlaid,AngusMacNeilSNP
mtpennycook,JustRadioLtd
Steven4Stirling,Steven4Stirling
TristramHuntMP,BBCRadioStoke
JoStevensLabour,YPlasCSU
JoStevensLabour,cardiffstudents
TristramHuntMP,olivercoppard
LiamByrneMP,DanielZeichner
LiamByrneMP,DanielZeichner
LiamByrneMP,LabourStudents
DianaJohnsonMP,YvetteCooperMP
GregMulholland1,Weegmanns
LiamFoxMP,NFUPolitical
LiamFoxMP,NFUtweets
lucianaberger,UKLabour
TristramHuntMP,olivercoppard
LiamByrneMP,suzy4harlow
MartinJDocherty,bernypollock1
GradySNP,SNPwindaes
lucianaberger,UKLabour
tomgreatrexmp,jj_mallon
AngusMacNeilSNP,NicolaSturgeon
TasminaSheikh,theSNP
TasminaSheikh,ClaxCllr_IreneH
MichelleThomson,EDWESTERNSNP
MichelleThomson,snp
GradySNP,GlasgowMSP
JTomlinsonMP,David_Cameron
GeorgeKerevan,EastLothianSNP
joannaccherry,SNPEwoodYouth
Rees4Neath,welshlabour
Rees4Neath,Vote_Labour
jessphillips,sfosterld
jessphillips,johnhemming4mp
ChrisLawSNP,bbcquestiontime
ChrisLawSNP,DundeeSNP
ChrisLawSNP,theSNP
swilliamsmp,sophwainwright
SeemaKennedy,BWallace4WPN
SeemaKennedy,nigelmp
_PaulMonaghan,Common_Weal
Stewart4Pboro,PaulStainton
Stewart4Pboro,BBCCambs
PhilBoswellSNP,SNPEwoodYouth
AngelaRayner,oldhamlabour
AngelaRayner,Tameside_Labour
TristramHuntMP,DrAdrianHeald
RachelReevesMP,DailyMirror
PhilBoswellSNP,brianbest73
mark4ceredigion,SalBrinton
BarrySheerman,Examiner
labourlewis,webackhewett
labourlewis,MustardTV
GeorgeKerevan,NicolaSturgeon
GeorgeKerevan,EastLothianSNP
Tobias_Ellwood,AUBSU
TristramHuntMP,BBCWorldatOne
TristramHuntMP,UKLabours
TasminaSheikh,theSNP
grantshapps,VoteConservative
grantshapps,NorthernPowerhouse
TasminaSheikh,theSNP
AlexSalmond,NFUStweets
AlexSalmond,lochteracts
edballsmp,SkyNews
GradySNP,SandraWhiteSNP
GradySNP,Qasimk01
callum_mccaig,theSNP
TasminaSheikh,theSNP
RachelReevesMP,Telegraph
AlasdairMcD_MP,SDLPlive
GradySNP,SNPwindaes
olivercolvile,Telegraph
ronniecowan,StewartHosieSNP
ronniecowan,StuMcMillanSNP
Rees4Neath,welshlabour
Rees4Neath,Vote_Labour
LSRPlaid,ElinLlyr
LSRPlaid,Plaid_Cymru
LiamFoxMP,MaryMacleod2015
AnnMcKechinMP,annebegg
GradySNP,HumzaYousaf
LiamFoxMP,AngieBray2015
StewartMcDonald,CraigPaton
GradySNP,NicolaSturgeon
GradySNP,theSNP
davidtcdavies,LearnWithMCS
davidtcdavies,BBCDanDamon
JoStevensLabour,DeansOfCardiff
JoStevensLabour,Wales
LiamFoxMP,Spencer_Drury
DavidLammy,LondonLabour
tobyperkinsmp,LabourChestrfld
tobyperkinsmp,ChesterfieldBC
cathyjamieson,alzscot
LiamFoxMP,NorthSomsShow
StewartMcDonald,GlasgowSouthSNPs
GeorgeKerevan,EastLothianSNP
PhilBoswellSNP,TheIanGilmour
LiamFoxMP,NSomersetArts
CatMcKinnellMP,Ed_Miliband
swilliamsmp,AJasonWilliams
swilliamsmp,ethicalbristol
swilliamsmp,bristolgreen
davidtcdavies,WelshConserv-atives
davidtcdavies,JonathanEvansCN
edballsmp,labourlewis
edballsmp,UKLabour
TasminaSheikh,theSNP
SDoughtyMP,welshlabour
LilianGreenwood,leoniemathers
DeidreBrock,spenl
BrandonLewis,conservatives
BrandonLewis,Telegraph
LiamFoxMP,jeremy40720759
Y_FovargueMP,NigelAsh1
Y_FovargueMP,NathanGMurray
HannahB4LiviMP,SNP_Broxburn
HannahB4LiviMP,SNPLivingston
DavidLammy,LabourSJ
GradySNP,MrGaryPaterson
GradySNP,StrathUnion
callum_mccaig,AlexSalmond
TasminaSheikh,theSNP
GeorgeKerevan,EastLothianSNP
GeorgeKerevan,elcourier
GeorgeKerevan,ECFMScotland
SDoughtyMP,PenarthLabour
SDoughtyMP,welshlabour
GeorgeKerevan,EastLothianSNP
Caroline_Ansell,AlisonHeap
JonCruddas_1,ronnieo147
JonCruddas_1,Ed_Miliband
JonCruddas_1,UKLabour
BrandonLewis,Telegraph
andreajenkyns,Telegraph
andreajenkyns,David_Cameron
andreajenkyns,conservatives
nickherbertmp,Telegraph
CatMcKinnellMP,Markymalarkey
SadiqKhan,FloydMayweather
SadiqKhan,MannyPacquiao
Byron_Davies,Telegraph
_PaulMonaghan,newsundayherald
StewartMcDonald,SNP_TUG
PaulBurstow,nick_Cleggs
PaulBurstow,nick_clegg
PaulBurstow,MarrShow
JasonMcCartney,IWA_UKs
ChukaUmunna,bbc5live
ChukaUmunna,JPonpolitics
ChukaUmunna,JPonpolitics
ChukaUmunna,bbc5live
halfon4harlowMP,Conservatives-led
margarethodge,barkinglabour
margarethodge,barking
TasminaSheikh,theSNP
GradySNP,theSNP
GradySNP,jesuisELP
TasminaSheikh,theSNP
SDoughtyMP,UKLabour
SDoughtyMP,welshlabour
edballsmp,MorleyNeil
edballsmp,MarkJSewards
edballsmp,amyjeffrey13
edballsmp,Celine_E_B
GregMulholland1,letouryorkshire
GregMulholland1,GeorgeIanScott1
edballsmp,matthewmorley7
edballsmp,RoryBickerton
Rees4Neath,welshlabour
rushanaraali,GarethThomasMP
rushanaraali,Uma_Kumaran
rushanaraali,EdMiliband
GeorgeKerevan,EastLothianSNP
GradySNP,SNPwindaes
GradySNP,alisonthewliss
alisonthewliss,theSNP
SadiqKhan,LondonLabour
TasminaSheikh,NicolaSturgeon
TasminaSheikh,theSNP
lisacameronsnp,hughmacd08_hugh
FionaODonnellMP,bbcnickrobinson
MichelleThomson,snp
GeorgeKerevan,EastLothianSNP
AngusMacNeilSNP,NicolaSturgeon
Jesse_Norman,CertusCC
Jesse_Norman,RupertDarwall
Jesse_Norman,JohnRentoul
Jesse_Norman,janemerrick23
Jesse_Norman,IndyOnSunday
S_Hammond,nickdebois
LiamFoxMP,NorthSomsShow
davidtcdavies,MonmouthCA
TasminaSheikh,theSNP
TasminaSheikh,NicolaSturgeon
TasminaSheikh,osp_2015
GregMulholland1,BiteTheBallot
SDoughtyMP,CPJElmore
SDoughtyMP,welshlabour
SDoughtyMP,GrangetownLAB
Metcalfe_SBET,Shane4Stanford
Metcalfe_SBET,Debcstewart
GradySNP,HillheadKen
GradySNP,otherchrises
GeorgeKerevan,EastLothianSNP
DavidLammy,UKLabour
DavidLammy,TottenhamLabour
TasminaSheikh,theSNP
callum_mccaig,SNPwindaes
TristramHuntMP,BBCNewsround
LiamFoxMP,NorthSomsShow
TristramHuntMP,38_degrees
TristramHuntMP,Harryslaststand
heidi_mp,heidi_mp
SDoughtyMP,GrangetownLAB
SDoughtyMP,welshlabour
vickyfoxcroft,tom_watson
VotePursglove,idollard
VotePursglove,VotePursglove
MrJohnNicolson,NicolaSturgeon
PhilBoswellSNP,JohnSwinney
tomgreatrexmp,scottishlabour
GeorgeKerevan,ENABLEScotland
DavidLammy,CatherineWest1
DavidLammy,UKLabour
TasminaSheikh,theSNP
ronniecowan,NicolaSturgeon
MGreenwoodWW,ChukaUmunna
TasminaSheikh,theSNP
TasminaSheikh,osp_2015
GradySNP,cglendinning95
GradySNP,Martainn_84
GradySNP,bruernish
GradySNP,cglendinning95
GradySNP,Martainn_84
GradySNP,bruernish
rushanaraali,Uma_Kumaran
rushanaraali,TulipSiddiq
rushanaraali,sarahsackman
rushanaraali,RupaHuq
rushanaraali,LondonLabour
ronniecowan,NicolaSturgeon
heidi_mp,heidi_mp
KateGreenSU,MsAmberStevens
DavidLammy,UKLabour
DavidLammy,TottenhamLabour
HenrySmithMP,Telegraph
BenPBradshaw,AmnestyUK
TristramHuntMP,hannahwitton
TristramHuntMP,LewisParker1995
TristramHuntMP,KennyImafidon
TristramHuntMP,BiteTheBallot
LiamFoxMP,NorthSomersetC
TristramHuntMP,Chris_Matheson
TristramHuntMP,ConorMcGinn
SDoughtyMP,Radiocardiff
Bob4Colchester,LibDems
GradySNP,SNPwindaes
GradySNP,MrJohnNicolson
StewartMcDonald,TomHarris4MP
GeorgeKerevan,EastLothianSNP
margarethodge,ThurrockPolly
LiamFoxMP,CLeslieMP
drewhendrySNP,BiteTheBallot
ronniecowan,NicolaSturgeon
nataliemcgarry,CPA_UK
CatMcKinnellMP,grahamemorris
CatMcKinnellMP,LouiseBaldock
JWoodcockMP,UKLabour
HenrySmithMP,MDUK_News
ChukaUmunna,LBC
ChukaUmunna,vincecable
ChukaUmunna,MattHancock2015
ChukaUmunna,NeilUKIP
SueHayman1,becciewatson
SueHayman1,CarlHolding
SDoughtyMP,ButetownLabour
SDoughtyMP,GrangetownLAB
SDoughtyMP,PenarthLabour
SDoughtyMP,alisapower
HywelPlaidCymru,Plaid_Cymru
DavidLammy,TottenhamLabour
CLeslieMP,Telegraph
SarahChampionMP,itv2
kevin_j_foster,TQHeraldExpress
AngusMacNeilSNP,itvnews
SDoughtyMP,Radiocardiff
SamGyimah,Telegraph
RichardBurdenMP,StreetRepairs
RichardBurdenMP,mrpotholeuk
JonathanPlaid,RMisstear
JonathanPlaid,RMisstear
Geoffrey_Cox,Telegraph
cathyjamieson,KillieLabour
cathyjamieson,Ballochmylelab
gregknightmp,Telegraph
DavidLammy,TottenhamLabour
IanCLucas,Wrexham
DamianCollins,1059AcademyFM
DamianCollins,javery_live
TasminaSheikh,theSNP
AlecShelbrooke,roydsschool
HuddlestonNigel,BogChicken
RichardBurdenMP,leothexplorer
RichardBurdenMP,B31Voices
GeorgeKerevan,EastLothianSNP
GeorgeKerevan,EastLothianSNP
cmackinlay,TeleComment
cmackinlay,DPJHodges
heidiallen75,SouthCambs
AlecShelbrooke,GApost16
GeorgeKerevan,EastLothianSNP
cathyjamieson,LordMcConnell
cathyjamieson,KillieLabour
GrahamAllenMP,VoteSmart2015
edballsmp,Independent
DavidLammy,hampsteadlabour
DavidLammy,TulipSiddiq
DavidLammy,LondonLabour
grahamemorris,grahamemorris
frankfieldteam,VoteSmart2015
GradySNP,JoanMcAlpine
GradySNP,Suzemclaughlin
GradySNP,missjuliewooly
GeorgeKerevan,EastLothianSNP
MrJohnNicolson,SNPBishopbriggs
ChukaUmunna,itvlondon
ChukaUmunna,vincecable
ChukaUmunna,DavidGauke
DavidLammy,hampsteadlabour
DavidLammy,TulipSiddiq
AngelaRayner,Tameside_Labour
AngelaRayner,ClrLeighDrennan
AngelaRayner,titukarim
DavidLammy,EalingLabour
DavidLammy,RupaHuq
RobertBuckland,carolynquinncq
RobertBuckland,BBCPM
Rees4Neath,welshlabour
TasminaSheikh,theSNP
ChukaUmunna,Channel4News
LouHaigh,tom_watson
LouHaigh,vickyfoxcroft
drewhendrySNP,Watsoninverness
nataliemcgarry,HumzaYousaf
theresecoffey,SuffolkCoastal
theresecoffey,waveneydc
AngelaRayner,andyburnhammp
AngelaRayner,oldhamlabour
GradySNP,Kenny4PartickW
FionaODonnellMP,scottishlabour
helenhayes_,coyleneil
_PaulMonaghan,CataloniaYes
lisacameronsnp,periscope
RobertBuckland,JTomlinsonMP
TasminaSheikh,theSNP
JTomlinsonMP,RobertBuckland
RachelReevesMP,roswynnejones
RachelReevesMP,DailyMirror
annebegg,annebegg
heidi_mp,bonus_pastor
LouiseEllman,halsally
GloriaDePiero,MrLeeRoberts
GloriaDePiero,GloriaDePiero
GloriaDePiero,Ed_Miliband
LucyMPowell,LucyMPowell
KatyClarkMP,jcullinane86
KatyClarkMP,AlysonLaird
EmmaReynoldsMP,CllrIanAngus
_PaulMonaghan,theSNP
SimonDanczuk,TomRailton1
SimonDanczuk,KarenDanczuk
cathyjamieson,smiffy_73
cathyjamieson,cathyjamieson
cathyjamieson,KillieLabour
Y_FovargueMP,NathanGMurray
Y_FovargueMP,donny_222
Y_FovargueMP,NigelAsh1
DavidLammy,wesstreeting
GregHands,David_Cameron
