HelenJonesMP,100.0
CherylGillanMP,76.92308
IrrancaDaviesMP,71.42857
MrJohnNicolson,10.97561
drewhendrySNP,78.84615
LizMcInnesMP,71.42857
GwynneMP,86.53847
grahamstuart,100.0
AndyLoveMP,100.0
NickyMorgan01,40.0
Owen_PatersonMP,0.0
OnnMel,84.61539
GRobinsonDUP,0.0
TomTugendhat,100.0
AndyMcDonaldMP,0.0
alisonseabeck,100.0
HelenGrantMP,100.0
Jesse_Norman,70.0
EstherMcVeyMP,0.0
YvetteCooperMP,75.0
jon_trickett,75.0
alisonthewliss,92.4812
robertsymsMP,100.0
JakeBerry,100.0
CatherineWest1,100.0
PGibsonSNP,55.10204
swilliamsmp,53.846157
RachaelMaskell,100.0
FlickD,100.0
KeeleyMP,92.68293
RobWilson_RDG,70.12987
RobertBuckland,41.025642
AnneMiltonMP,100.0
MarcusFysh,100.0
cathyjamieson,43.75
Mark_J_Harper,0.0
mark4ceredigion,47.368423
helenhayes_,71.42857
georgegalloway,95.7672
NicDakinMP,72.72727
LucyMPowell,80.769226
GloriaDePiero,92.30769
MickeyBrady4MP,33.333336
CLeslieMP,69.565216
Tobias_Ellwood,0.0
tracey_crouch,100.0
duncanhames,60.000004
stephen_gilbert,84.61539
SamGyimah,73.333336
mowat4ws,100.0
AnneMcLaughlin,83.63636
AnasSarwar,60.000004
EmmaLewellBuck,100.0
S_Hammond,70.0
TellRanil,100.0
olivercolvile,72.72727
MarkReckless,71.42857
dannyalexander,100.0
Bill_Esterson,94.117645
naomi_long,88.46153
BenPBradshaw,50.0
Dunne4Ludlow,50.0
SteveReedMP,66.66667
andrewpercy,88.88889
AlexSalmond,19.047619
RoryStewartUK,0.0
steve_mccabe,93.333336
JimHood_MP,80.0
agriffithsmp,88.88889
CharlieElphicke,41.666664
PaulBlomfieldMP,50.0
angelaeagle,89.28571
ben4ipswich,0.0
PatGlassMP,100.0
AdamAfriyie,50.0
DJWarburton,63.636364
meaglemp,82.0
sheryllmurray,10.0
AmberRuddhr,100.0
edvaizey,75.0
SeemaKennedy,0.0
AnnMcKechinMP,85.0
Geoffrey_Cox,100.0
drdanpoulter,50.0
telliott_UUP,100.0
_PaulMonaghan,25.666666
GrahamAllenMP,71.42857
nick_clegg,42.105263
GradySNP,23.504274
DouglasCarswell,89.47369
EdwardDaveyMP,100.0
PeterJLuff,100.0
pamela_nash,71.42857
tobyperkinsmp,55.813957
jimmurphymp,0.0
Keir_Starmer,25.0
neill_bob,83.33333
DamianCollins,13.333334
AndrewRosindell,66.66667
kitmalthouse,40.0
ChrisM4Chester,93.333336
JulieForBurnley,100.0
PeterBoneMP,100.0
grahamemorris,72.81553
GordonBanksMP,100.0
WalkerWorcester,94.44444
ChukaUmunna,74.07407
MaryMacleodMP,66.66667
ConorMcGinn,100.0
ChrisPincher,90.0
mikejwood,100.0
scullyp,80.0
JudithCummins,50.0
stroud_neil,100.0
GeraldJonesLAB,44.444447
andreajenkyns,86.04651
DavidJonesMP,28.57143
IanLaveryMP,100.0
Anna_Soubry,80.0
ChrisLeslieMP,100.0
Tell_Karen,100.0
AndrewBridgenMP,100.0
SteveBakerHW,85.71429
uxbridgewalrus,87.5
KevinBrennanMP,100.0
DawnButlerBrent,96.15385
HywelPlaidCymru,63.333332
RichardBurdenMP,32.258064
ChrisRuaneMP,100.0
charles_kennedy,33.333336
GemmaWDMP,100.0
nataliemcgarry,40.97222
alancampbellmp,39.39394
MegMunn01,100.0
heidiallen75,66.66667
OliverHealdMP,50.0
tpearce003,63.636364
NadineDorriesMP,40.0
Metcalfe_SBET,42.857143
JamesDuddridge,20.37037
GregHands,52.173912
RogMull,16.190477
PeteWishart,53.333336
FionaODonnellMP,63.15789
CarolineLucas,86.36364
gildernewmp,100.0
ianpaisleymp,60.000004
KarenPBuckMP,80.0
JennyChapman,83.33333
APMiller1949,100.0
GeorgeKerevan,48.258705
SueHayman1,81.818184
DLidington,0.0
JulieHillingMP,60.000004
DdeBK,0.0
justinmadders,100.0
LouHaigh,55.555557
Royston_Smith,87.5
nicolablackwood,0.0
AlistairBurtMP,41.666664
Y_FovargueMP,41.666664
SharonHodgsonMP,100.0
JennyWillott,82.051285
GarethThomasMP,50.0
NorwichChloe,44.444447
StewartMcDonald,55.465584
iswales,100.0
Stewart4Pboro,32.43243
davidtcdavies,15.625
GWilliamsonMP,0.0
RuthSmeeth,0.0
fionamacmp,75.0
mthroup,100.0
Debbie_abrahams,55.128204
spelmanc,100.0
LindsayHoyle_MP,50.0
LiamFoxMP,6.060606
BrandonLewis,57.5
nadhimzahawi,100.0
StuartAndrew,100.0
AndrewSelous,100.0
Meg_HillierMP,100.0
greggmcclymont,100.0
William_Wragg,100.0
davidburrowesmp,0.0
davidmackintosh,54.545456
Annette4MDNP,81.25
AlbertOwenMP,66.66667
marklazarowicz,83.33333
IanMurrayMP,72.72727
paulasherriff,70.0
margotjamesmp,100.0
adriansandersmp,66.66667
SDoughtyMP,45.833336
JonAshworth,64.70589
RichardGrahamMP,25.0
JackDromeyMP,21.052631
HackneyAbbott,62.5
LouiseEllman,75.0
KateOsamor,74.07407
hilarybennmp,50.0
AngusMacNeilSNP,87.5576
Peter_Dowd,100.0
IanCLucas,55.555557
NigelDoddsMP,100.0
bphillipsonMP,100.0
mikeweirsnp,64.10257
Vernon_CoakerMP,100.0
mattwarman,71.42857
thomasbrake,26.666668
annebegg,54.166668
ronniecowan,46.753246
markdurkan,0.0
grantshapps,25.0
MRitchieMP,100.0
cj_dinenage,100.0
JonathanPlaid,97.8355
Mike_Fabricant,51.724136
GeraintDaviesMP,100.0
IanMearnsMP,81.25
patmcfaddenmp,80.0
Simonhartmp,25.0
AnnClwyd,0.0
Mike4Eastleigh,100.0
mtpennycook,64.28571
PhilipDaviesMP,75.0
Rees4Neath,21.052631
Alison_McGovern,100.0
RichardBurgon,41.666664
robertabwMP,70.96774
Caroline_Ansell,60.000004
joanryanEnfield,79.48718
SuellaFernandes,100.0
KateGreenSU,54.545456
Pauline_Latham,100.0
bernardjenkin,81.818184
stevedouble,42.857143
NazShahBfd,86.666664
gavinshuker,100.0
Valerie_VazMP,100.0
SKinnock,100.0
HollyLynch5,100.0
MikeKaneMP,75.0
jreynoldsMP,88.88889
timfarron,78.57143
VirendraSharma,77.77778
RebeccaHarrisMP,100.0
Bob4Colchester,82.608696
tom_watson,28.57143
coyleneil,96.07843
BobBlackmanMP,82.35294
halfon4harlowMP,86.666664
MarkTamiMP,100.0
SarahChampionMP,91.30435
DesmondSwayne,0.0
JimMcGovernMP,100.0
marion53f,51.219513
PaulMaskeyMP,100.0
KerryMP,81.818184
lisanandy,50.0
InverclydeMP,50.0
SeemaMalhotra1,83.33333
karlmccartney,100.0
rushanaraali,63.636364
Steven4Stirling,66.26984
JoStevensLabour,68.0
JohnMannMP,33.333336
tania_mathias,66.66667
NickHarveyND,37.5
TomBlenkinsop,100.0
Ed_Miliband,0.0
DrPhillipLeeMP,0.0
GavinBarwellMP,50.0
JBrokenshire,0.0
claire4devizes,100.0
stephen_mosley,100.0
J_Donaldson_MP,100.0
IanAustinMP,100.0
RLong_Bailey,100.0
jc4southsuffolk,100.0
Margaret_Curran,81.818184
HugoSwire,0.0
julianknight15,77.77778
timloughton,85.71429
TommySheppard,52.499996
JTomlinsonMP,57.14286
MarkFieldMP,100.0
ZacGoldsmith,100.0
michelledonelan,84.61539
JonCruddas_1,0.0
frankfieldteam,0.0
Offord4Hendon,60.000004
KarlTurnerMP,95.30516
SimonKirbyMP,100.0
KevanJonesMP,44.444447
ArklessRichard,33.783783
CliveEfford,100.0
HarrietHarman,75.0
JackieDP,75.0
johnmcdonnellMP,100.0
HenrySmithMP,86.206894
stellacreasy,62.857143
AlasdairMcD_MP,50.0
Freeman_George,57.40741
danielbyles,81.48148
PaulBurstow,41.81818
hammersmithandy,83.33333
michaelmeacher,100.0
cmackinlay,85.71429
lucianaberger,45.0
AlokSharma_RDG,66.66667
Jeremy_Hunt,90.0
DanJarvisMP,0.0
chhcalling,37.5
GregMulholland1,71.42857
AlanBrownSNP,18.82353
carolinenokes,90.0
theresecoffey,88.88889
johnpughmp,72.72727
geraldhowarth,100.0
GordonMarsden,100.0
lynbrownmp,100.0
Byron_Davies,93.333336
acarmichaelmp,100.0
joannaccherry,93.593315
ben4bath,88.2353
mimsdavies,92.30769
JohnHowellMP,33.333336
EmilyThornberry,80.0
Michael4MDNP,85.71429
JeffSmithetc,92.0
AndySawfordMP,100.0
RogerWilliamsLD,100.0
Nus_Ghani,100.0
BWallaceMP,50.0
OwenThompson,86.666664
LSRPlaid,78.37838
PriskMark,88.88889
MartinJDocherty,63.636364
callum_mccaig,36.448597
BrendanOHaraSNP,33.333336
PeterNorthDevon,73.333336
BarrySheerman,91.17647
MarkLancasterMK,75.0
MPritchardMP,0.0
TulipSiddiq,72.22222
murrisonMP,80.0
sajidjavid,100.0
annaturley,97.77778
IvanLewis_MP,90.0
leicesterliz,10.526316
TasminaSheikh,47.368423
johnredwood,12.5
KatyClarkMP,25.0
RobFlelloMP,50.0
ChrisWhite_MP,72.72727
MichaelMcCannMP,100.0
CPJElmore,66.66667
KellyTolhurst,85.71429
EricPickles,22.222223
margarethodge,57.14286
CarolineFlintMP,96.42857
joswinson,97.22222
Jochurchill4,100.0
damiangreenmp,66.66667
AnneMcGuireMP,90.909096
BlaenauGwentMP,75.0
lucyallan,68.75
DianaJohnsonMP,38.88889
nickhurdmp,100.0
IainWrightMP,100.0
nickdebois,77.55102
vickyfoxcroft,81.818184
stephenctimms,100.0
nickherbertmp,75.0
wesstreeting,87.95181
StephenLloydEBN,0.0
vincecable,100.0
Andrew4Pendle,92.30769
spellar,42.857143
MikeGapes,99.18033
amandamilling,100.0
morton_wendy,100.0
EilidhWhiteford,76.666664
Mark4WyreForest,90.909096
ACunninghamMP,91.66667
pow_rebecca,100.0
karinsmyth,80.0
Mark_Spencer,100.0
HannahB4LiviMP,54.545456
AlecShelbrooke,20.618557
andrealeadsom,100.0
tomgreatrexmp,48.0
JulianSmithMP,100.0
DeidreBrock,70.2381
FrankRoyMP,100.0
SadiqKhan,39.240505
MGreenwoodWW,71.42857
JDjanogly,100.0
ChiOnwurah,57.14286
jessicamordenmp,100.0
heidi_mp,73.333336
LilianGreenwood,52.380955
DavidCrausby,100.0
JasonMcCartney,32.786884
PhilWilsonMP,91.66667
JamesCleverly,88.88889
MadeleineMoon,0.0
HuddlestonNigel,33.333336
DanielZeichner,69.230774
johnleechmcr,100.0
SimonWrightMP,100.0
tessamunt,84.0
AngelaRayner,35.294117
jessphillips,85.0
craig4nwarks,92.85714
rosie4westlancs,50.0
gregknightmp,50.0
BarryGardiner,100.0
lisacameronsnp,45.454548
PaulFlynnMP,52.941177
annietrev,67.85714
AlunCairns,81.25
DavidNuttallMP,0.0
karen__bradley,80.0
neil_parish,80.0
Harry4BH,71.42857
RupaHuq,92.85714
LiamByrneMP,50.0
MartinChelt,90.909096
willquince,75.0
SheilaGilmoreMP,0.0
Helen_Whately,50.0
carolynharris24,66.66667
David_Cameron,0.0
conormurphymp,100.0
AlexChalkChelt,100.0
jeremycorbyn,100.0
stevewebb1,50.0
FitzMP,50.0
normanlamb,100.0
ChriswMP,28.947369
mariacaulfield,75.0
VictoriaPrentis,100.0
jreedmp,97.1831
DavidHansonMP,81.25
GrahamJones_MP,92.0
Maria_MillerMP,0.0
AVMitchell2010,50.0
labourlewis,68.62746
Jo_Cox1,54.166668
AndrewGeorgeLD,100.0
RachelReevesMP,56.0
ShabanaMahmood,100.0
William_Bain,40.0
EmmaReynoldsMP,15.6862755
peterkyle,100.0
kevin_j_foster,40.0
ericjoyce,0.0
RichardBenyonMP,5.882353
MaryRobinson01,100.0
patel4witham,93.333336
HighPeakAndrew,66.66667
SimonDanczuk,33.333336
MichelleThomson,40.54054
CatMcKinnellMP,64.70589
GutoBebb,0.0
JulieElliottMP,100.0
edballsmp,36.363636
VotePursglove,40.0
StephenGethins,9.523809
RobertJenrick,100.0
Craig4CardiffN,81.818184
backborwick,40.0
JWoodcockMP,40.0
DAlexanderMP,66.66667
DerekThomas2015,50.0
WSW_Labour,100.0
YasminQureshiMP,75.0
TristramHuntMP,9.9009905
nsoamesmp,80.0
BorisJohnson,50.0
JohnGlenMP,100.0
DougChapmanSNP,67.08861
StewartHosieMP,45.16129
Richard4Watford,100.0
julianhuppert,97.74436
Thomas_Docherty,100.0
Michael_Ellis1,100.0
iainastewart,100.0
matthancockmp,100.0
angelasmithmp,87.5
kirstenoswald,78.26087
kevinhollinrake,25.0
HelenGoodmanMP,60.000004
GuyOpperman,45.454548
JohnHealey_MP,100.0
DavidWardMP,0.0
ChrisLawSNP,82.35294
DavidLammy,42.857143
PhilBoswellSNP,61.11111
PennyMordauntMP,100.0
StephenTwigg,83.33333
conservatives,NaN
ed_radio,NaN
RichardlyleSnp,NaN
theSNP,NaN
NicolaSturgeon,NaN
LesothoComTeam,NaN
PeoplesNHSScot,NaN
osp_2015,NaN
batchelorshow,NaN
BoringOleFart,NaN
lewisritchieSNP,NaN
LordAshcroft,NaN
Rosiecosy,NaN
GwynneCllr,NaN
SNP_NE_Fife,NaN
SwitzerlandFash,NaN
Team2015,NaN
JoeFitzSNP,NaN
snpkinross,NaN
ValeofLevenSNP,NaN
clydebank_snp,NaN
DumbartonSNP,NaN
Carol4GlaNW,NaN
Maryhill_SNP,NaN
i_dee51,NaN
GlasgowMSP,NaN
AlynSmithMEP,NaN
RutherglenSNP,NaN
MgtFerrierSNP,NaN
DanJukes17,NaN
LondonLabour,NaN
EmmaSNPHarper,NaN
lostjimmy,NaN
the,NaN
calumrkerr,NaN
EdinSWSNP,NaN
EdinburghWfi,NaN
scottishlabour,NaN
mshafiquk,NaN
ClrLeighDrennan,NaN
The_Proclaimers,NaN
Amy__Macdonald,NaN
LabourSJ,NaN
InverclydeCLP,NaN
TootingLabour,NaN
joanwalley1,NaN
DailyMirror,NaN
VoiceOfGen1,NaN
Kenny4PartickW,NaN
otherchrises,NaN
FraserNelson,NaN
apmcfadyen,NaN
EastLothianSNP,NaN
live_life_safe,NaN
SusaninLangside,NaN
gregmoodie,NaN
Steveredwolf,NaN
birdman1066,NaN
50for15,NaN
AndraFaeNairn,NaN
dscott_aberdeen,NaN
susan_bell1212,NaN
SNPDunblane,NaN
lag36,NaN
EdwardCrouchUK,NaN
GCC_SNP,NaN
Jen4Indy,NaN
KeepStJoes,NaN
lauramarsh70,NaN
Tameside_Labour,NaN
LabourNorthWest,NaN
Lynne_Stott,NaN
GwynnePup,NaN
ScotNational,NaN
paulwaugh,NaN
Examiner,NaN
BBCLeeds,NaN
AngusMacNeilMP,NaN
snpenl,NaN
billybragg,NaN
LondonWelshCCLL,NaN
ChristineCarer,NaN
JohnSwinney,NaN
ferryoons,NaN
MagickmikeMike,NaN
barkinglabour,NaN
lbbdcouncil,NaN
eastwoodsnp222,NaN
mercurytheatre,NaN
Shettleston_SNP,NaN
HumzaYousaf,NaN
AbdnNorthKirsty,NaN
ShefLabStudents,NaN
GeorgeWParker,NaN
BBCRadio4,NaN
DefenceHQ,NaN
theSNP#voteSNP,NaN
LadyM_McManus,NaN
missjuliewooly,NaN
NThomasSymonds,NaN
traceymacleod1,NaN
Telegraph,NaN
EDI_Airport,NaN
crowdfunderuk,NaN
naughtiej,NaN
inverkev,NaN
trekkie101,NaN
sarahsackman,NaN
SarahOwen_,NaN
dazeythinker,NaN
akmacg,NaN
sacha_mbe,NaN
JoanMcAlpine,NaN
AileenMcLeodMSP,NaN
sheffieldlive,NaN
NATO,NaN
LeftFootFwd,NaN
LibbyWienerITV,NaN
itvnews,NaN
lesleyriddoch,NaN
imrichardmorris,NaN
EstuaryTV,NaN
AmnestyUK,NaN
nhsbill2015,NaN
womensaid,NaN
Girlguiding,NaN
GlasgowSouthSNP,NaN
gusna11,NaN
R4wli,NaN
flipsidefunny,NaN
lukedcoffey,NaN
sammorganmoore,NaN
DarrenHall2015,NaN
TimHarford,NaN
MorayMP,NaN
ScotTories,NaN
RuthDavidsonMSP,NaN
ObiWanMacJock,NaN
InvernessSNP,NaN
ScotForUK,NaN
CassiltounHA,NaN
eveningchron,NaN
davemckay76,NaN
pressjournal,NaN
LondonLovesBiz,NaN
unisontweets,NaN
electprentis,NaN
AJABurnett,NaN
GunnPolitics,NaN
SuthSNP,NaN
Palayo,NaN
WomenForIndy,NaN
LibDems,NaN
theSNPs,NaN
RossThomsonTory,NaN
SenAbnorth,NaN
chepstowschool,NaN
ThunderclapIt,NaN
youngvotersuk,NaN
MayorofLondon,NaN
DeputyMayorTH,NaN
UKParliament,NaN
GPMcGregor,NaN
ThurrockPolly,NaN
thurrocklabour,NaN
UKLabour,NaN
HighlandLibDems,NaN
KeithBrownMSP,NaN
AndyscafeNQY,NaN
EastLothianCLP,NaN
CateGeorge69,NaN
clatchardcraig,NaN
Conorpope,NaN
LabourList,NaN
EilidhWhitefords,NaN
SNPEdinForth,NaN
SnpLochaber,NaN
Manresapoint,NaN
StigAbell,NaN
LBC,NaN
UKLabours,NaN
mrskerryw,NaN
JaynePDunn,NaN
KarenRowling,NaN
genrentuk,NaN
tara6171,NaN
RowanMoore,NaN
BBCWestminHour,NaN
carolynquinncq,NaN
BBCSheffield,NaN
NMcCiavelli,NaN
lara_norris,NaN
Jessica_Asato,NaN
Daily_Record,NaN
NaeFear,NaN
elcourier,NaN
Blisscharity,NaN
Parlez_me_nTory,NaN
Independent,NaN
CAMRA_Officials,NaN
shelaghfogarty,NaN
whipper_snap,NaN
Lawyersforyes,NaN
BBCWorldTonight,NaN
saltervilla,NaN
B31Voices,NaN
Bret4Northfield,NaN
alzheimerssoc,NaN
ClydesdAileen,NaN
adamfiddle,NaN
jockulla,NaN
NapierHamish,NaN
LoveQueensferry,NaN
CllrNormanWork,NaN
ganbowling,NaN
youtube,NaN
unionstogether,NaN
OwenJones84,NaN
Palomafaith,NaN
MirrorPolitics,NaN
PartickFeargal,NaN
uochester,NaN
ruthyie,NaN
Spetmologer,NaN
IslingtonSouth,NaN
tomclearwood,NaN
BWV2,NaN
DuineEileAmhain,NaN
GlenthornePSHE,NaN
BBCMarkMardell,NaN
the_tpa,NaN
iealondon,NaN
isaby,NaN
MarkJLittlewood,NaN
J_Bloodworth,NaN
RuPaul,NaN
pinknews,NaN
38_degrees,NaN
ChrisCr999,NaN
GdnVoluntary,NaN
RuglenReformer,NaN
olaygazeteuk,NaN
MarcoBiagiMSP,NaN
EdinCentralSNP,NaN
theabbeyschool,NaN
misterhsk,NaN
EdinburghSNP,NaN
Alibroon1,NaN
jimijoflynn,NaN
dmross63,NaN
MackaySNP,NaN
BasGazette,NaN
MacKenziePeterR,NaN
HighlandSNP,NaN
YesHighland,NaN
JamesAmcvean,NaN
AlexanderEmbo,NaN
Ivan_McKee,NaN
ruth_wishart,NaN
MarrShow,NaN
Tricia_td,NaN
Radio5live,NaN
shirleyjseaton,NaN
Plaid_Cymru,NaN
SandraWhiteSNP,NaN
WingsScotland,NaN
Fankledoose,NaN
IainDale,NaN
dan4barnsley,NaN
RSylvesterTimes,NaN
AlanJPatterson,NaN
mylifemysay,NaN
Channel4,NaN
twitter,NaN
HS2Parliament,NaN
BradfordCollege,NaN
ikonmusic1,NaN
LordAshcrofts,NaN
vincemaple,NaN
naushabahkhan,NaN
cllrtrisosborne,NaN
Katy_McCloskey,NaN
BBCScotlandNews,NaN
SaffronKim,NaN
GavinJuniper,NaN
CamdenLabour,NaN
bear_ger,NaN
sdailey87,NaN
AnndraMoireach,NaN
PRSD,NaN
TorbayCA,NaN
NickPetre,NaN
Purna_Sen,NaN
NottinghamCitz,NaN
RoyalNottingham,NaN
CitizensUK,NaN
CommonsIDC,NaN
malcolmbruce,NaN
Dazpower,NaN
yeskelty,NaN
Radical_Indy,NaN
demTVscot,NaN
SNPwindaes,NaN
PenarthTimes,NaN
Jas_Athwal,NaN
GlasgowSNP,NaN
greenwichlabours,NaN
charlton_house,NaN
HoughtonWeavers,NaN
ed_milliband,NaN
ITVCentral,NaN
GarryPatrick1,NaN
LikeYourFitness,NaN
SaintsRugby,NaN
UNISONWales,NaN
LouiseBaldock,NaN
val_hudson,NaN
MDUK_News,NaN
janemum1,NaN
gordon_tony,NaN
DPJHodges,NaN
hudpolitics,NaN
huddersfielduni,NaN
SwindonAdvocacy,NaN
sallymiranda,NaN
cllrgsimpson,NaN
GlenysThornton,NaN
williecoffeysnp,NaN
guardiancultureâ€™s,NaN
DerekMackayMSP,NaN
jesuisELP,NaN
LabourCfS,NaN
wheatsheafTbec,NaN
eharveyART,NaN
julie4nw,NaN
akhanmep,NaN
amanjit,NaN
MrJohnNicolsons,NaN
SNPKelvin,NaN
rochellemonte,NaN
theJeremyVine,NaN
JM_Wentworth,NaN
getreading,NaN
SinnFeinElectio,NaN
Uma_Kumaran,NaN
Wrexham_AFC,NaN
Evins,NaN
gov,NaN
DanusSkene,NaN
bbc5live,NaN
StephenNolan,NaN
brianmcgui,NaN
ConHomeHeres,NaN
suzy4harlow,NaN
RegistHERtoVote,NaN
HouseofCommons,NaN
EDWESTERNSNP,NaN
DanJarvis,NaN
TQHeraldExpress,NaN
suzy4harlows,NaN
bbchw,NaN
bbcwm,NaN
Wakeringvillage,NaN
MissleeCarlisle,NaN
LabourChestrfld,NaN
itvlondon,NaN
rory_palmer,NaN
charliedewhirst,NaN
snp,NaN
P_U_L_Views,NaN
dmcbfs,NaN
BBCnewsLondon,NaN
BBCDevon,NaN
adamboultonSKY,NaN
SkyNews,NaN
OwenSmithMP,NaN
BBCNews,NaN
MonmouthCA,NaN
Jackienborland,NaN
gregsmithsw6,NaN
victoriaB_F,NaN
TheBigTriangle,NaN
dale_mason1,NaN
SELabour,NaN
MKLabourParty,NaN
andrew4MK,NaN
thercn,NaN
goldenlionales,NaN
SimonHughes,NaN
SarahballSarah,NaN
OurPeoplesNHSScot,NaN
welshlabour,NaN
AlexanderBright,NaN
hopenothate,NaN
wirrallabour,NaN
LukePollard,NaN
SkyNewsBoulton,NaN
bbcwales,NaN
CaitlinBisknell,NaN
standardnews,NaN
BOSLabour,NaN
Essex_Echo,NaN
Bruce_Fummey,NaN
scotgp,NaN
morganmcmichael,NaN
HammersmithAcad,NaN
Azhar4Pendle,NaN
REStPauls,NaN
lovetheangel,NaN
cllrjennyoldham,NaN
ChauhanZahid,NaN
SolaceWomensAid,NaN
RashidNix,NaN
guinness_occupy,NaN
Ed_Milibands,NaN
FleeceOtley,NaN
DanHannanMEP,NaN
guto_davies,NaN
eddieizzard,NaN
riseuk,NaN
NRConservatives,NaN
DrLeeBracknell,NaN
greenergood_uk,NaN
ARobertsonSNP,NaN
LDAEngland,NaN
xanabe,NaN
StewartHosieSNP,NaN
julieetchitv,NaN
Steph_Peacock,NaN
LeanneWood,NaN
GlossopNorthEnd,NaN
KillieLabour,NaN
alstewitn,NaN
John_J_C_Moss,NaN
SkyNewsIt,NaN
shoeburyblogger,NaN
LeagueACS,NaN
richardstead,NaN
MusselburghRace,NaN
BessBrowningKM,NaN
JeaneF1,NaN
Edinwestern,NaN
SPP_macallister,NaN
KevinStewartMSP,NaN
Stubuscus,NaN
stuartbrown77,NaN
PeterMurrell,NaN
Election4castUKCON,NaN
BBCBreakfast,NaN
Gemmawilson31,NaN
Iainwith2ayes,NaN
DJMag,NaN
wilford4th,NaN
HannahDavid_HW,NaN
Mari_Williams,NaN
BarbaraACannon,NaN
naschofield,NaN
NASUWT,NaN
RogerWestwood,NaN
AnneFairweather,NaN
CarersTrust,NaN
moraysnp,NaN
CllrAlanClark,NaN
sjb_hull,NaN
MarkJHarris111,NaN
DelBoyd10,NaN
George_Osborne,NaN
MagiGibson,NaN
comeandjoinus45,NaN
CrannTarra,NaN
velivingston,NaN
libby_mcarthur,NaN
SharonHodgson_,NaN
cwowomenâ€?#Gr8News,NaN
CNDuk,NaN
ScottishCND,NaN
JYDenham,NaN
LouiseMensch,NaN
ConHome,NaN
matt_mahon,NaN
Dafydd_Wigley,NaN
labour52rose,NaN
HillheadKen,NaN
KayleighWaugh1,NaN
ThePaulVickers,NaN
jameskirkup,NaN
radioplymouth,NaN
JimForScotland,NaN
KaufmanLegal,NaN
Crim_sol_PH,NaN
antonyslumbers,NaN
guardian,NaN
toisich69,NaN
snpkirkcaldy,NaN
instagram,NaN
timjn1,NaN
farrochie,NaN
OStonestreet,NaN
hullkr_online,NaN
NeilHudgell,NaN
Lyno45,NaN
strathearnrose,NaN
aewingmsp,NaN
theSNP#GE15,NaN
Lisa_Smart,NaN
IBTimes,NaN
alzscot,NaN
9Millionwomen,NaN
paultskenny,NaN
donny_222,NaN
johnmcternan,NaN
bigandy68,NaN
DoddsJane,NaN
pete4stour,NaN
JoelTory,NaN
cardiffnorth15,NaN
willie_rennie,NaN
SNP_Thurso,NaN
RobMargrave,NaN
Robwhiteman1,NaN
CheltCons,NaN
CheltUKIP,NaN
garforthlions,NaN
rothwelllions,NaN
wetherbylion,NaN
raiphsays,NaN
lynnleishman,NaN
andyburnhammp,NaN
Priory_Centre,NaN
EXPTOUGH,NaN
IlfordNorthCLP,NaN
bbcfivelive,NaN
JamesFrith,NaN
IRobertsonSNP,NaN
patrickhall4mp,NaN
YoungLabourUK,NaN
wdjstraw,NaN
ukrespectparty,NaN
WillJMartindale,NaN
stephenkb,NaN
TheStaggers,NaN
Glosecho,NaN
davidellesmere,NaN
TelePolitics,NaN
RosaPrinceUK,NaN
weoleylabour,NaN
northdevon24,NaN
Harryslaststand,NaN
bbciplayer,NaN
_stephensweeney,NaN
UKPatchwork,NaN
EdmontonCLP,NaN
BBCr4today,NaN
abbyshepherd,NaN
BBCCambs,NaN
dottymcl,NaN
BBCNewsbeat,NaN
CG19700,NaN
UKTransInfos,NaN
ChesterfieldBC,NaN
joan_sturgeon,NaN
mikenesbittni,NaN
simon_brooke,NaN
neilelkes,NaN
vriyait,NaN
MatherSam,NaN
Amanda7Saunders,NaN
HansMulleur,NaN
Cllr_ABradley,NaN
RheinalltPuw,NaN
osianowen1,NaN
Observer_Owl,NaN
Turmaines,NaN
EofELabourhttp//tco/fviyIRu4Le,NaN
MSmithsonPB,NaN
lauraewaddell,NaN
NickRamsayAM,NaN
CardiffCF,NaN
hannahwitton,NaN
LewisParker1995,NaN
KennyImafidon,NaN
JazzaJohn,NaN
BiteTheBallot,NaN
Conservative,NaN
PaulStainton,NaN
EastMidsLabour,NaN
raysmithphoto,NaN
C4Gogglebox,NaN
susannecc,NaN
GavinMontana,NaN
sadiq_shabana,NaN
eldenecommunity,NaN
AnnetteMilsom,NaN
HFLabour,NaN
Turmaine,NaN
JohnMasonMSP,NaN
RochdaleOnline,NaN
pborogreyhounds,NaN
MGcomment,NaN
TwitterUK,NaN
turtle4360,NaN
jacktlad,NaN
PeoplesNHS,NaN
MaryBurstow,NaN
Steve_Rotheram,NaN
LpoolWaltonCLP,NaN
WavertreeCLP,NaN
Gwendathomas,NaN
DevonCC,NaN
dave43uk,NaN
PhillipS1961,NaN
sowsnett,NaN
Steve4Weoley,NaN
NicolaSturgeons,NaN
AvrilMcivor,NaN
snpclacks,NaN
Rinstead,NaN
Jennifergaunt11,NaN
GaryCairney,NaN
MissJBartlett,NaN
RealDMitchell,NaN
SunPoliticsWest,NaN
sun_pol_scot,NaN
jamiehepburn,NaN
MarkJSewards,NaN
weecmac,NaN
alededwardscym,NaN
_Normina_,NaN
FaeTroon,NaN
CateySmith,NaN
Amina_Lone,NaN
thoughtland,NaN
carolynleckie,NaN
johnprescott,NaN
uniofeastanglia,NaN
MKConservatives,NaN
f40campaign,NaN
RSNonline,NaN
ProgressOnline,NaN
VoteDrewHendry,NaN
StanwellSchool,NaN
PapiBurgundy,NaN
RebeccaBlake31,NaN
BBCNewsnight,NaN
wildlifeheals,NaN
andybell5news,NaN
BloombergTV,NaN
NickBolesMP,NaN
sailor_jerry,NaN
KirstyWark,NaN
RuthCadburyhttp//tco/k89ZX7JIQh,NaN
Shaw_Busi_Assoc,NaN
RuthCadbury,NaN
JoshFG,NaN
GMBCampaigns,NaN
paulscoins,NaN
bbc,NaN
Tickenhamgolf,NaN
daily_politics,NaN
TheVoiceNews,NaN
EofELabour,NaN
utcswindon,NaN
tamworthherald,NaN
BarnardosScot,NaN
AlanBrownSNPVote,NaN
pressassoc,NaN
DrBrianMay,NaN
bbcrb,NaN
BigBraLady,NaN
ValShawcross,NaN
CroydonLabour,NaN
garyheatherFJ,NaN
thefifer1314,NaN
colby_jackie,NaN
Hortini,NaN
BrighthelmURC,NaN
Yoshimi_999,NaN
LOVESE19,NaN
Common_Weal,NaN
ACCAWales,NaN
mycenaehouse,NaN
SDLPlive,NaN
RoyalMail,NaN
parcelforce,NaN
hartsholmeacad,NaN
carljarvis_eos,NaN
LucyRigby,NaN
McgoldrickJa,NaN
ElthamHill,NaN
sfha_hq,NaN
blindchildrenuk,NaN
shepwaydc,NaN
Lucy_Rigby,NaN
scouts,NaN
Georgiaellenh,NaN
KevinGillottPPC,NaN
leoniemathers,NaN
NicolleNdiweni,NaN
BexBailey6,NaN
TheGinjaNinja_,NaN
EveningGazette,NaN
untypicalboro,NaN
AttitudeMag,NaN
BenKellyMusic,NaN
_maggie5_,NaN
TrevorLunnLV,NaN
TheatrSoar,NaN
ojaymes,NaN
CllrKieranQuinn,NaN
LearnWithMCS,NaN
ninacyoung,NaN
AzminaSiddique,NaN
RosamundUrwin,NaN
CityAM,NaN
RichardAngell,NaN
timesredbox,NaN
cityplym,NaN
dhughe12,NaN
DandR_CLP,NaN
Manuel_TSSA,NaN
MaggieLennon1,NaN
cwpiper,NaN
iaindocherty,NaN
tkennedy_star,NaN
GallacherJoanne,NaN
TottenhamLabour,NaN
HaringeyLabour,NaN
JamieRoss7,NaN
BBCBerkshire,NaN
BBC3CR,NaN
BBCNottingham,NaN
BBCRadioStoke,NaN
JSHeappey,NaN
fstoneherald,NaN
TheNorthernEcho,NaN
ChristinaSNP,NaN
labour,NaN
BBCRealityCheck,NaN
PJPollockVet,NaN
libby_brooks,NaN
WebsterGroupUK,NaN
Wrexham,NaN
nickystone93,NaN
AmCritchard,NaN
BBCLeicester,NaN
ranh76,NaN
Autism,NaN
BertBremner,NaN
MarkSeddon1962,NaN
TheatreShop1,NaN
ClevedonTC,NaN
NorthSomersetC,NaN
ashingtonlad,NaN
NFUCymru,NaN
foecymrucydd,NaN
Bridges_Centre,NaN
WV11,NaN
MinaRahman1,NaN
MzLashmore,NaN
Vote_Labour,NaN
TrellechChurch,NaN
wiredfire,NaN
age_uk,NaN
CNBC,NaN
WilfredFrost,NaN
BBCRadio2,NaN
vmg456,NaN
winstanleycoll,NaN
TotnesUKIP,NaN
michaelchequer,NaN
bigbuzzard,NaN
PlymouthChaz,NaN
PJORourke,NaN
Kirsty_Williams,NaN
Catheri76509321,NaN
roryweal,NaN
matt_mann95,NaN
MytonSchool,NaN
siangwenfelin,NaN
ColinByiers,NaN
canonianblack,NaN
StJohnsPborough,NaN
LeightonAndrews,NaN
Caroline_Benn,NaN
vaughangething,NaN
SMcPartland2015,NaN
OliverHeald2015,NaN
kdugdalemsp,NaN
RoryBickerton,NaN
caslass,NaN
GabbyStribley,NaN
buspasselvis,NaN
BBCAnyQuestions,NaN
DiCreggie,NaN
VoGLabour,NaN
JohnThomasMadde,NaN
rableather,NaN
NiaCJohn,NaN
activeSNP,NaN
mhairi_macisaac,NaN
MCullen27,NaN
audreyneeson,NaN
OwenSmith4MP,NaN
BBCRadioWales,NaN
newsundayherald,NaN
KNLabour,NaN
hudghtonmepSNP,NaN
ThorWarlord,NaN
RadioGuyGlasgow,NaN
SNPStudents,NaN
AamerAnwar,NaN
GailRossSNP,NaN
DianeDocherty3,NaN
BBCSPLondon,NaN
bbcOne,NaN
Markfergusonuk,NaN
murdo_fraser,NaN
helston87,NaN
MumsnetTowers,NaN
AngrySalmond,NaN
TainYes,NaN
mhairi1921,NaN
Suzemclaughlin,NaN
HuffPostUKPol,NaN
MichaelDugher,NaN
williamjhague,NaN
MikeAmesbury,NaN
LouiseRidley,NaN
Justine_Roberts,NaN
annabeltall,NaN
stephenflynn88,NaN
chockeyboy,NaN
WindsScotland,NaN
BrianSpanner1,NaN
TSSLUFC,NaN
stuhirst,NaN
stephenphelps,NaN
PatricksPeople,NaN
GeeJayJon,NaN
observealot,NaN
ryestudioschools,NaN
RichardLochhead,NaN
EG_105,NaN
Historywoman,NaN
SNPOut,NaN
greendadtwit,NaN
melody_player,NaN
Labour_MH,NaN
muirtsmith,NaN
Culture_Agent,NaN
BRWombat,NaN
t4rtanpaint,NaN
HMSG_Senior,NaN
MonmouthSchool,NaN
mfaulding,NaN
lennyshallcross,NaN
FSB_Scotland,NaN
DurhamCT,NaN
CatrionaCowan,NaN
cglendinning95,NaN
Channel4News,NaN
gazjc1973,NaN
GlasgowSkeptics,NaN
WeTrustInSNP,NaN
gubath,NaN
porkyoldboy,NaN
RebeccaBlake3,NaN
MichaelPayneUK,NaN
LindaMillar11,NaN
YouthComplexCYC,NaN
DillonK_Msyp,NaN
BBCShropshire,NaN
PauloconnorMBE,NaN
KateStephenHLD,NaN
jrwallace54,NaN
NickWiltonNS,NaN
WaltonHighmk,NaN
MargaretGreenwoodWW,NaN
LivEchonews,NaN
BBCBristol,NaN
WelshLibDems,NaN
geoff20man,NaN
swindonadver,NaN
WyvernTheatre,NaN
CStephenssnp,NaN
ProactStadium,NaN
EMChamberNews,NaN
RealADGoldberg,NaN
Battlebus2015,NaN
HabsMonmouth,NaN
ng_labour,NaN
StrathUnion,NaN
MrGaryPaterson,NaN
RozaSalih,NaN
WHDigiSentinel,NaN
TheDaffodilInn,NaN
hhenderson47,NaN
PMCollege,NaN
harrybishop_,NaN
WMLabour,NaN
ONECampaign,NaN
ForumGreenwich,NaN
GADCIL,NaN
MarcusduSautoy,NaN
CraigBendoris,NaN
HeartEastAnglia,NaN
TomHarris4MP,NaN
HullUniLabour,NaN
ChickanosLtd,NaN
BBCLookNorth,NaN
fdarena,NaN
joertmclark,NaN
E_TLabour,NaN
iredalepolitics,NaN
looknorthBBC,NaN
mehdirhasan,NaN
IpsosMORI,NaN
cawalsh,NaN
whitehorsebrist,NaN
MrsPatches,NaN
dailytelegraphs,NaN
AllisterHeath,NaN
JustRadioLtd,NaN
YPlasCSU,NaN
cardiffstudents,NaN
olivercoppard,NaN
LabourStudents,NaN
Weegmanns,NaN
NFUPolitical,NaN
NFUtweets,NaN
bernypollock1,NaN
jj_mallon,NaN
ClaxCllr_IreneH,NaN
SNPEwoodYouth,NaN
sfosterld,NaN
johnhemming4mp,NaN
bbcquestiontime,NaN
DundeeSNP,NaN
sophwainwright,NaN
BWallace4WPN,NaN
nigelmp,NaN
oldhamlabour,NaN
DrAdrianHeald,NaN
brianbest73,NaN
SalBrinton,NaN
webackhewett,NaN
MustardTV,NaN
AUBSU,NaN
BBCWorldatOne,NaN
VoteConservative,NaN
NorthernPowerhouse,NaN
NFUStweets,NaN
lochteracts,NaN
Qasimk01,NaN
StuMcMillanSNP,NaN
ElinLlyr,NaN
MaryMacleod2015,NaN
AngieBray2015,NaN
CraigPaton,NaN
BBCDanDamon,NaN
DeansOfCardiff,NaN
Wales,NaN
Spencer_Drury,NaN
NorthSomsShow,NaN
GlasgowSouthSNPs,NaN
TheIanGilmour,NaN
NSomersetArts,NaN
AJasonWilliams,NaN
ethicalbristol,NaN
bristolgreen,NaN
WelshConserv-atives,NaN
JonathanEvansCN,NaN
spenl,NaN
jeremy40720759,NaN
NigelAsh1,NaN
NathanGMurray,NaN
SNP_Broxburn,NaN
SNPLivingston,NaN
ECFMScotland,NaN
PenarthLabour,NaN
AlisonHeap,NaN
ronnieo147,NaN
Markymalarkey,NaN
FloydMayweather,NaN
MannyPacquiao,NaN
SNP_TUG,NaN
nick_Cleggs,NaN
IWA_UKs,NaN
JPonpolitics,NaN
Conservatives-led,NaN
barking,NaN
MorleyNeil,NaN
amyjeffrey13,NaN
Celine_E_B,NaN
letouryorkshire,NaN
GeorgeIanScott1,NaN
matthewmorley7,NaN
EdMiliband,NaN
hughmacd08_hugh,NaN
bbcnickrobinson,NaN
CertusCC,NaN
RupertDarwall,NaN
JohnRentoul,NaN
janemerrick23,NaN
IndyOnSunday,NaN
GrangetownLAB,NaN
Shane4Stanford,NaN
Debcstewart,NaN
BBCNewsround,NaN
idollard,NaN
ENABLEScotland,NaN
Martainn_84,NaN
bruernish,NaN
MsAmberStevens,NaN
Chris_Matheson,NaN
Radiocardiff,NaN
CPA_UK,NaN
MattHancock2015,NaN
NeilUKIP,NaN
becciewatson,NaN
CarlHolding,NaN
ButetownLabour,NaN
alisapower,NaN
itv2,NaN
StreetRepairs,NaN
mrpotholeuk,NaN
RMisstear,NaN
Ballochmylelab,NaN
1059AcademyFM,NaN
javery_live,NaN
roydsschool,NaN
BogChicken,NaN
leothexplorer,NaN
TeleComment,NaN
SouthCambs,NaN
GApost16,NaN
LordMcConnell,NaN
VoteSmart2015,NaN
hampsteadlabour,NaN
SNPBishopbriggs,NaN
DavidGauke,NaN
titukarim,NaN
EalingLabour,NaN
BBCPM,NaN
Watsoninverness,NaN
SuffolkCoastal,NaN
waveneydc,NaN
CataloniaYes,NaN
periscope,NaN
roswynnejones,NaN
bonus_pastor,NaN
halsally,NaN
MrLeeRoberts,NaN
jcullinane86,NaN
AlysonLaird,NaN
CllrIanAngus,NaN
TomRailton1,NaN
KarenDanczuk,NaN
smiffy_73,NaN
emmamcnicholas,NaN
Shelter,NaN
LSEge2015,NaN
CrawshawPost16,NaN
samgrace,NaN
Aidan_Kerr1,NaN
SiDedman,NaN
delpaterson,NaN
Jon_Primett,NaN
Muqadaam,NaN
Harry_Boota,NaN
UttoxeterNews,NaN
sg_scotlabour,NaN
rethinkgambling,NaN
traquir,NaN
SarahMOGalla,NaN
jiabrahams,NaN
vanessa_opines,NaN
George_GOWYC,NaN
NCORNWALLCLP,NaN
PompeyGoat,NaN
philsmithmedia,NaN
DrNeilB,NaN
WatersSNP,NaN
Owen_Thompson,NaN
respect_youth,NaN
GGalloway4Bfd,NaN
StefanTymkewycz,NaN
OfficialS_Swash,NaN
glasgowcathcart,NaN
SophyRidgeSky,NaN
snpforthendrick,NaN
Ward1Warren,NaN
TrossachsSNP,NaN
DIANAATURNBULL,NaN
LeukaemiaCAREuk,NaN
kearneycath,NaN
GallusEffie,NaN
Blackman4Nicola,NaN
labourtransport,NaN
SNPGlasgowSouth,NaN
mauricecampbell,NaN
maximartin02,NaN
britainelects,NaN
AberdeenSNP,NaN
Mags2678,NaN
swingvoter2015,NaN
Philippa_SNP,NaN
BBCPolitics,NaN
RHBruceCrawford,NaN
AlanOlive1,NaN
RickyTaylorSNP,NaN
Jacqui_Smith1,NaN
claire_dumbill,NaN
loveleelaydee67,NaN
ianmcallansnp,NaN
PaulWheelhouse,NaN
cllrStu,NaN
SaintSwith,NaN
heh_meh,NaN
Fergoodness,NaN
StepRam,NaN
ShadHoshyar,NaN
JohnPJohnston67,NaN
CWilso57,NaN
Eunis_Jassemi,NaN
BatesLord,NaN
McAlpineGlen,NaN
ProvanSNP,NaN
county0_0,NaN
TheMurdochTimes,NaN
robm2,NaN
AndrewMcMorrin,NaN
ScotBraveHearts,NaN
GrayInGlasgow,NaN
EechieOchie,NaN
jill_mcalpine,NaN
TeresaC123,NaN
PapaMacGregor,NaN
CllrNana,NaN
heatheriqbal,NaN
EmmaPidding,NaN
beatbloodcancer,NaN
PLMRLtd,NaN
louisemartin25,NaN
JDGMills,NaN
GerryHassan,NaN
KevinJPringle,NaN
WestHamLabour,NaN
SimonGosden,NaN
fagpacketpoet,NaN
UKParlOutreach,NaN
JGForsyth,NaN
TeleWonderWomen,NaN
Charlotte_LGA,NaN
david_cowan,NaN
LukeSorbaLabour,NaN
SarahMBash,NaN
grsclack,NaN
ConorH96,NaN
PlymCoopParty,NaN
SNPdavid,NaN
inverclyderadio,NaN
ThomRawlinson,NaN
severincarrell,NaN
votesat16,NaN
iclare1,NaN
GGTTH_Andy,NaN
TheSunNewspaper,NaN
PeterKGeoghegan,NaN
tnewtondunn,NaN
MarkFoxNews,NaN
REWearmouth,NaN
unitedresponse,NaN
Mancman10,NaN
CllrAlanRebeiro,NaN
Sheffjournos,NaN
TeamGeorgeG,NaN
_Bill_Henderson,NaN
SimonGHayter,NaN
Bonn1eGreer,NaN
BradenDavy,NaN
MartinNeill1,NaN
EdwardHarkins,NaN
perayahmet,NaN
AodhanByrne,NaN
iainmartin1,NaN
KatieEwen123,NaN
Alexx_McArthur,NaN
WhatScotsThink,NaN
melanie_ward,NaN
LegKnowlScot,NaN
killingbritain,NaN
SJacksonMP,NaN
Outoftweet123,NaN
erikgeddes,NaN
MhairiHunter,NaN
HayteratLords,NaN
AssemSweidan,NaN
ToniGiugliano,NaN
stephendalfonso,NaN
IanLex2,NaN
Sam__F____,NaN
D_Blanchflower,NaN
ColchChronic,NaN
StuDonaldsonSNP,NaN
ProfMcGhee,NaN
PHGSSixthForm,NaN
RhubarbGrumble,NaN
GlasgowMott,NaN
RedbridgeLive,NaN
Cat_Headley,NaN
samidrummond,NaN
TelegraphNews,NaN
Hugodixon,NaN
SunPolitics,NaN
trapprain,NaN
sipeki,NaN
SkyNewsBreak,NaN
TaylorJamesScot,NaN
AvertaDisaster,NaN
davidfkeySNP,NaN
Elin_A_Roberts,NaN
TillicoultrySNP,NaN
Lawscot,NaN
Mandy4PPC_2015,NaN
RolandS13014285,NaN
Jude_KD,NaN
AlanSimpson01,NaN
wsjaeboo,NaN
JLindenSNP,NaN
SNPObanandLorn,NaN
KenGowansSNP,NaN
LabourLeft,NaN
DunfermlineSNP,NaN
SimonMarcus,NaN
22carrots,NaN
SayYesScotland,NaN
wearecfindia,NaN
kippertshirt,NaN
Doctorwhizz,NaN
tinastowell,NaN
markmcdsnp,NaN
Shefali_Davda,NaN
jojobeale,NaN
Sinethugcat,NaN
AlanClinch,NaN
Grazer10,NaN
Christia_Allard,NaN
grazzar09,NaN
PBSouthfield14,NaN
CPCA01268792992,NaN
MarieMacklin,NaN
markpack,NaN
Penbedw,NaN
RogerstoneLab,NaN
GordonAikman,NaN
JBeattieMirror,NaN
terrymfc,NaN
jacksonngUK,NaN
HuffPoLifestyle,NaN
HuddsLabour,NaN
Courtneyib94,NaN
DrAishaKGill,NaN
SCOTYES2015,NaN
C_KAndrews,NaN
DavidStockdale,NaN
jameschappers,NaN
antony4wakey,NaN
HazelGrove_Lab,NaN
Kirst_MacAlps,NaN
xMATTxLAWx,NaN
Craigmiller1986,NaN
FSBNottsDerbys,NaN
BillyHayes_CWU,NaN
carrieapples,NaN
CleckDan,NaN
VictoriaGroulef,NaN
StAustellBayCoC,NaN
ToryBusiness,NaN
FSBNorthLondon,NaN
realbritainros,NaN
sciencecampaign,NaN
WestDumfriesSNP,NaN
ICGtweets,NaN
amylame,NaN
CBTransport,NaN
TwittyODriscoll,NaN
LabourEoin,NaN
SeanGMorris,NaN
BBCJamesCook,NaN
WorthingLibDems,NaN
NataliaComms,NaN
Kevin_Maguire,NaN
BoBI_event,NaN
CfSocialScience,NaN
AngliaRuskinSU,NaN
timhuggan,NaN
patrickwintour,NaN
_xPC,NaN
AshMRae,NaN
YasKQ,NaN
andyneil_,NaN
darrenpjones,NaN
Lynne_Currie,NaN
UndercoverMutha,NaN
fbunational,NaN
jil_murphy,NaN
drmarielouise,NaN
shirleykay11,NaN
TarshaBarsha,NaN
SikhFedUK,NaN
StageDoorGuy,NaN
tinaseskis,NaN
irish_news,NaN
STVNews,NaN
NairnMcD,NaN
A_D_McLean,NaN
teamcaroline_1,NaN
BSGTeam,NaN
Society_Biology,NaN
EVAWhd,NaN
annesnelgrove,NaN
CraigBatemanUK,NaN
suekay87,NaN
AndrewSouthside,NaN
Michaeldoris,NaN
MichaelLCrick,NaN
CRUK_Policy,NaN
BBCMarkDenten,NaN
twickenhamclp,NaN
EastDumfriesSNP,NaN
AngusCarruthers,NaN
CllrTomHayes,NaN
pdjmail1,NaN
janewevans,NaN
LabourHistory,NaN
Justin_SCF,NaN
Rhuanedd,NaN
YesEastRen,NaN
shanedgj,NaN
AlmondEarn_SNP,NaN
DeHavilland,NaN
pamelathornton,NaN
SerenaCowdy,NaN
martinrankinLAB,NaN
GrimsbyTel,NaN
dllyr01,NaN
ShaunDun,NaN
MrsCJeffrey,NaN
AngusCMillar,NaN
NickJohnW,NaN
L_Hamilton89,NaN
8ry0ny,NaN
iainjwatson,NaN
martinmcgann83,NaN
anum_qaisar,NaN
Handibode,NaN
PCSootmob,NaN
captain_clegg_1,NaN
Pammy315,NaN
snigskitchen,NaN
NjokiMsays,NaN
IanPattison86,NaN
CYBERSCOT,NaN
HighlandYes2014,NaN
armstrongdenby,NaN
CharlesTannock,NaN
bonawebird,NaN
KateMac1989,NaN
DrewSm1th,NaN
LadyDurrant,NaN
sahmraw,NaN
davidroberts,NaN
njs_ecosse,NaN
DunoonBranchSNP,NaN
AlexDMitchell,NaN
jhalcrojohnston,NaN
Sharonavraham,NaN
mariamkhan29,NaN
cammygray_,NaN
RCorbettMEP,NaN
moridura,NaN
CllrNinaKillen,NaN
DaleAThomson,NaN
labourpress,NaN
PSbook,NaN
CSbungo,NaN
stayingput2001,NaN
MCW_1988,NaN
BNelaineoflynn,NaN
Radgecase,NaN
AndyMurrayScott,NaN
NewportCouncil,NaN
Caroline_YMAS,NaN
AlbertoNardelli,NaN
yeswecanwales,NaN
EWAS3,NaN
TimLamden,NaN
Graham_Dickson,NaN
ampp3d,NaN
MuhammedRaza786,NaN
Cath_MacKinnon,NaN
DavidLinden,NaN
montie,NaN
UddBellsSnp,NaN
MurtazaGeoNews,NaN
ReutersLobby,NaN
cathedralsdavid,NaN
Reido80,NaN
cumbriamk,NaN
BGTrust,NaN
DaWNLabour,NaN
jrmaidment,NaN
CAMRA_Official,NaN
martinepeacock,NaN
Sarahimagefit,NaN
OldJohnnyYen,NaN
NorthWestUNISON,NaN
KlaraChelt,NaN
sunpoliticsmids,NaN
SimonPhillipsUK,NaN
dinahkeal,NaN
ElGrouty,NaN
lammyformayor,NaN
tamsinmelville,NaN
roathcardiff,NaN
DafyddTrystan,NaN
thekarltonindex,NaN
InstEcolEnvMan,NaN
GetInvolved2015,NaN
OldmoatLibDem,NaN
johnnymercer81,NaN
SathanSathy,NaN
meggitt20,NaN
JohannaBaxter,NaN
petere72,NaN
dholmesTandA,NaN
HelensburghSNP,NaN
TreeNicola,NaN
ChorleyTories,NaN
danielrhamilton,NaN
CanonburyLabour,NaN
EnfieldNorthCLP,NaN
GavNewlandsSNP,NaN
Edinburgh_CC,NaN
Louisjsgill,NaN
rebeccacmyers,NaN
mattsmithetc,NaN
GlasgowCC,NaN
paulkclews,NaN
LauraMcWinty,NaN
playboard_,NaN
cjharris85,NaN
BeckyLees20,NaN
StanJames45,NaN
davieclegg,NaN
MamaGlasgow,NaN
BBCBreaking,NaN
james_wby_,NaN
DavidLivey,NaN
abelardinelli,NaN
georgeeaton,NaN
S_A_Somerville,NaN
penguinos99,NaN
GarethLlewe,NaN
Barkingside21,NaN
davidjbell,NaN
IndyForTheGuy,NaN
harissaboy,NaN
SCrabb2015,NaN
bhameastside,NaN
LindaFabianiSNP,NaN
An_Phoblacht,NaN
HayleyMortimer,NaN
_rachalia_,NaN
RevoltonRight,NaN
Shansview,NaN
Unitepolitics,NaN
carolJhedges,NaN
PARRY1956,NaN
scotfree22,NaN
reelectjulian,NaN
blairmcdougall,NaN
Election20I5,NaN
Glenmulholland,NaN
Tamstered,NaN
jakimccarthy,NaN
BillNorAngus,NaN
LeeDavidSanders,NaN
Shaminakhtar,NaN
WithingtonCLP,NaN
igolden5,NaN
Jawapu,NaN
MelGladwin,NaN
LozApple,NaN
MattAbbottPoet,NaN
RozieBreen,NaN
AFirmOfPoets,NaN
TSOTArts,NaN
labour_larkhall,NaN
Better4Crawley,NaN
RonaldMcCallum1,NaN
martin_oneill,NaN
politicshome,NaN
ElliotBidgood,NaN
DrPaulMiddleton,NaN
theimposter1979,NaN
collette_mca,NaN
68xsarahx68,NaN
littlelea,NaN
colinrhardy,NaN
Shettleston_Lab,NaN
Miss_Wilsey,NaN
creativeengland,NaN
Maxwellsnp,NaN
Siddo_D,NaN
Greyhound_gal,NaN
NewsLine247,NaN
The_Merry_Baker,NaN
drmarkjardine,NaN
Coordinated73,NaN
JRTomlinAuthor,NaN
CllrPaul4Cowick,NaN
adhill21,NaN
NikkiCoates,NaN
TheCharltonSoc,NaN
FSBWessex,NaN
heraldscotland,NaN
noah_sin,NaN
CllrMaxineSmith,NaN
PeterMannionMP,NaN
MartinMcD1980,NaN
StatgeekUK,NaN
stewartbremner,NaN
StaffsWomensAid,NaN
FernsSue,NaN
LabInSpiRed,NaN
ComediansForYes,NaN
RosannaEastman,NaN
britishfuture,NaN
YoungMindsCEO,NaN
DonFosterMP,NaN
WildRoosterUK,NaN
Robert_J_M_T,NaN
GdnPolitics,NaN
JennieUnite,NaN
UxbridgeGazette,NaN
GetWestLondon,NaN
AmandaRamsay,NaN
AJBThomson,NaN
Ferm_Herald,NaN
AW_OBrien,NaN
Beth4Pontefract,NaN
Underground_RT,NaN
JonBenjamin19,NaN
ScottishSun,NaN
VarsityUK,NaN
IslingtonPRS,NaN
paulmacandjanie,NaN
DerekScott1984,NaN
nushkino,NaN
AldersgateGrp,NaN
leftfutures,NaN
Itchie139,NaN
rosscolquhoun,NaN
glasterlaw1,NaN
FSBnortheast,NaN
YourElection15,NaN
PhilScott15,NaN
RobGladwinPM,NaN
cllrstevewilson,NaN
benjastley,NaN
CroydonGuardian,NaN
SighthillGorgie,NaN
GeneralBoles,NaN
DaveHow4rd,NaN
Temidor,NaN
OpinionYP,NaN
Kazi_UK,NaN
Chorlton_Victor,NaN
Hud_SCLS,NaN
scottishrep16,NaN
miladysa,NaN
Warrington_Lab,NaN
beardandbible,NaN
RagsMartel,NaN
CharltonCSE7,NaN
SpiritofIndy,NaN
PickardJE,NaN
BethRigby,NaN
EllisHPS,NaN
MancTories,NaN
rgdavies,NaN
1davidwsmith,NaN
KSIMCMK,NaN
LeeMartin4947,NaN
KamRai7,NaN
lauraburnip,NaN
PhoebeParke,NaN
legalaware,NaN
costofcameron,NaN
sfajanathomas,NaN
MonicaDudley,NaN
eljmayes,NaN
DaveHill,NaN
19smp59,NaN
MartinSLewis,NaN
ho_ho77,NaN
newsthump,NaN
BBCWalesNews,NaN
JHallHDI,NaN
pgeraghty,NaN
MeltonBlue,NaN
Cllr_McEleny,NaN
cvatameside,NaN
BurtonDChamber,NaN
AnujaPrashar,NaN
unitetheunion,NaN
CHC_Rowley,NaN
CommonsTrans,NaN
DerecThompson,NaN
CUSUonline,NaN
cambridgemasjid,NaN
FinnSpirit,NaN
GedlingBC,NaN
martinwhelton,NaN
guardian_clark,NaN
HelenRhianwen,NaN
SWGuardian,NaN
OT_rach,NaN
LincsEcho,NaN
eefnews,NaN
ehwebsite,NaN
ScienceIsVital,NaN
AodhanHamill_SF,NaN
HeartDevonNews,NaN
Roy_Castle_Lung,NaN
TheresaMEP,NaN
joymacn52_joy,NaN
mattkelcher,NaN
letuckshop,NaN
JFinchSaunders,NaN
LizSavagelabour,NaN
thistoomustpass,NaN
Badger_Friendly,NaN
greengranma,NaN
SeanLlanelli,NaN
FbuCumbrians,NaN
DianeforLondon,NaN
Avon_SafetyRep,NaN
darloforculture,NaN
mmmstroud,NaN
CathcartSNP,NaN
se16,NaN
Sally_Keeble,NaN
vazsingh,NaN
Wythenshawerep,NaN
KflanaganKevin,NaN
saffron_dickson,NaN
Mawneyslabour,NaN
imy2323,NaN
nattydoll25,NaN
KennyFarq,NaN
AmnestyScotland,NaN
She_wee_me,NaN
allen_norma,NaN
C9J,NaN
JohnRonaldHassa,NaN
tscholesfogg,NaN
benedictpringle,NaN
JenDempsie,NaN
kilian_bourke,NaN
katielfrank,NaN
JohnLeggottColl,NaN
GraemeSneddon1,NaN
IR_1008,NaN
BournvilleLab,NaN
ianamccord,NaN
ZachF4,NaN
LeaguePolitical,NaN
stuieboy2000,NaN
mcnallyfoto,NaN
slightlyscrewed,NaN
Mr_Slater,NaN
RiaDRobertson,NaN
mjpb5,NaN
dancrawford85,NaN
Meliden,NaN
terencecallacha,NaN
ideas4thefuture,NaN
jomccarron,NaN
EK_SNP,NaN
sarahgibblondon,NaN
RebeccaKeating,NaN
DrJulieSmith1,NaN
Dougofdarkwater,NaN
CambridgeNewsUK,NaN
abenaopp,NaN
LoudounSNP,NaN
strathalmondsnp,NaN
AshleyB0203,NaN
guardiannews,NaN
morganhornx,NaN
TheSundayMirror,NaN
FionaMcLeodMSP,NaN
DonValleyCLP,NaN
Ronandbarlow,NaN
StevenSaxby,NaN
ckcmusic,NaN
rmlabour,NaN
EarthyAndroid,NaN
laurenpk,NaN
Josh_Rendall1,NaN
DavidCWild,NaN
MHoCLibDems,NaN
Andrew_ComRes,NaN
ibounds73,NaN
CardiffCentLAB,NaN
jenthornton01,NaN
StephenCMalloy,NaN
davidbloxham74,NaN
redbridgelabour,NaN
JackCapron,NaN
SimonBird_,NaN
MattStutely,NaN
benrileysmith,NaN
Vandacolombo,NaN
trotterjwd,NaN
Tinglepolitics,NaN
CCHQPress,NaN
se1,NaN
suttonnick,NaN
DisabilityLab,NaN
skyelections,NaN
cityoflondon,NaN
csjthinktank,NaN
HuffPostUK,NaN
AnnaMcCaul21,NaN
osianlewis,NaN
AnneDuffield1,NaN
SITP_NCL,NaN
FSBManchester,NaN
Steven_Swinford,NaN
SNPLargs,NaN
SuziePerkins,NaN
LabourDave93,NaN
paulswaddle,NaN
ChesterSU,NaN
Anothergreen,NaN
NCPoliticsUK,NaN
GeorgeFoulkes,NaN
karlbraidwood,NaN
HeartScotNews,NaN
LePolitics,NaN
BBCLondonNews,NaN
danwjonson,NaN
BuzzFeedUKPol,NaN
ToryTreasury,NaN
ClivePoole,NaN
CarrieAHarper,NaN
FrackFreeWales,NaN
HayleyG26,NaN
barneystevenson,NaN
AaronAFarrell,NaN
HornbyJack,NaN
MichaelEdney,NaN
bigissuenorth,NaN
ChrisGibsonNews,NaN
WelshConserv,NaN
WalesOnline,NaN
kilmacolm1,NaN
Jamie_m_young,NaN
garethmdaviesuk,NaN
CllrPreetGill,NaN
yourharlow,NaN
iankatz1000,NaN
ivorcaplin,NaN
fsb_eos,NaN
dis_politics,NaN
GoPepy,NaN
UndebPlaidCymru,NaN
OurVoiceOurHOPE,NaN
Martin_Pollard,NaN
FullFact,NaN
huwptddavies,NaN
dessiemc34,NaN
akmaciver,NaN
allianceparty,NaN
teamdonelan,NaN
Alasdair91,NaN
maplerockdesign,NaN
WMNNews,NaN
David_Lofts,NaN
vademesta,NaN
theLewisbell,NaN
JonnyDymond,NaN
BillWilliams01,NaN
tom_rye,NaN
StonewallScot,NaN
prosperoproject,NaN
Cmacf76,NaN
pulsetoday,NaN
pilaraymara,NaN
thynno9,NaN
pinkfemi,NaN
ggg_gayatri,NaN
NFUEastAnglia,NaN
IwanGethin31,NaN
g38pd,NaN
ComResPolls,NaN
ToryRenewal,NaN
BrentLabour,NaN
carltonreid,NaN
jonathanfryer,NaN
JakeBear97,NaN
angus_young61,NaN
FSBSWS,NaN
ChrisMasonBBC,NaN
jamswilliams85,NaN
MullSNP,NaN
stephenpglenn,NaN
JoeMurphyLondon,NaN
ITVtynetees,NaN
OCWCampaign,NaN
Robbo_Iain,NaN
uartlach,NaN
ChristianGuy_,NaN
rodneyedwards,NaN
Holly_PJ,NaN
MountviewLDN,NaN
LeftUnityUK,NaN
jennytree1990,NaN
annagavurin,NaN
gnomeinacage,NaN
patrickmoule,NaN
Twiz007,NaN
mikecartmel,NaN
jordxn_,NaN
lynsey35,NaN
UKELECTIONS2015,NaN
Colin_Evison,NaN
mikeghedges,NaN
carldinnen,NaN
Helen__Kennedy,NaN
mumphtoons,NaN
ChrisBryant4MP,NaN
peterdominiczak,NaN
TheRedRag,NaN
vincentmoss,NaN
LordRoyKennedy,NaN
moderaterightuk,NaN
WiltspoliceTB,NaN
TeleFinance,NaN
themedicaldon,NaN
Ioanbellin,NaN
toadmeister,NaN
PlymouthCons,NaN
Feorlean,NaN
stueymckenzie,NaN
andrewpolitics,NaN
Matthew_Whitty,NaN
oakpolesworth,NaN
labourassembly,NaN
TheBMA,NaN
VibhutiJPatel,NaN
Juvelad,NaN
electoralreform,NaN
fergusonkeith,NaN
nicholascecil,NaN
BradfordUniSU,NaN
thelincolnite,NaN
karleastham,NaN
New_Listener,NaN
Joe_Dromey,NaN
EleanorRehahn,NaN
JoeyJTaylor,NaN
itvcalendar,NaN
Plaid_Gwynedd,NaN
JoeWatts_,NaN
officialikbbi,NaN
Tom_Waterhouse,NaN
wokinghamlibdem,NaN
Mama_Judes,NaN
lettings247,NaN
jsmcardle,NaN
RossLydall,NaN
hibasaleem,NaN
fraserburghsnp,NaN
milnemedia,NaN
ashford_place,NaN
samjoshwilliams,NaN
Kelley_Ireland,NaN
Parkinson2015,NaN
TimJBlackman,NaN
barrydistrict,NaN
christopherhope,NaN
newsdirect,NaN
KamaljeetJandu,NaN
FraserGalloway1,NaN
JaneEllison,NaN
HearstWomen,NaN
lindamcgr,NaN
catoverton_99,NaN
westnorwoodnews,NaN
GeorgeDMoseley,NaN
OmarSalem,NaN
Gulaid1,NaN
Stephenson_Ryan,NaN
paulholleran1,NaN
AdnaanAwan,NaN
Herald_Editor,NaN
faisalislam,NaN
DJSkelton,NaN
MairiMcAllan,NaN
Lab3seats,NaN
RobbieGibb,NaN
thehoff102,NaN
FecklessCodpeas,NaN
AdamAmerica24,NaN
ArifBBC,NaN
CovLibDems,NaN
MuslimVote,NaN
muheedjeeran,NaN
Myles93,NaN
kohnadeh,NaN
onekindtweet,NaN
SelaineSaxby,NaN
twickerati,NaN
ElectoralCommUK,NaN
McAllister_Jon,NaN
Holgate69,NaN
birminghammail,NaN
BatleyLabour,NaN
TheWeeYin96,NaN
AndrewParrish7,NaN
BBCDouglasF,NaN
CahalBurke,NaN
alexandracoyle,NaN
mike2sausages,NaN
roastur,NaN
HarwichStandard,NaN
Record_Politics,NaN
robmcd85,NaN
Caledonia_1,NaN
HyndburnLabour,NaN
JamieJBartlett,NaN
killhopelaw,NaN
cjpearson82,NaN
MShapland,NaN
Alancumming,NaN
chrismwoods,NaN
ashmcgregor,NaN
markastrong2,NaN
jamieszymko,NaN
MHPC,NaN
CymrAussie,NaN
CornesLawNZUK,NaN
Jeremy_Miles,NaN
HollyLuckman,NaN
sunny_hundal,NaN
Aaronplem,NaN
HSJEditor,NaN
RetroScot,NaN
eliz_lloyd,NaN
YahooNewsUK,NaN
timothy_stanley,NaN
mrsgeldof,NaN
deeqawil03,NaN
velocitygain,NaN
alextomo,NaN
MartynMcL,NaN
natachakennedy,NaN
justina_mk,NaN
davidpotter69,NaN
WolffiaB,NaN
tonyleach,NaN
Helena_Doughty,NaN
PositiveTrinFan,NaN
NeilDunsire,NaN
iamths1973,NaN
TrabiMechanic,NaN
davidbartlett1,NaN
Joanne13Harding,NaN
geoffnelder,NaN
caitlin_sc,NaN
DialMforMurdo,NaN
andrejpwalker,NaN
kayaburgess,NaN
KingOfTwickers,NaN
ChrisMPaton,NaN
HfdsCouncil,NaN
GillTroughton,NaN
TGrandjouan,NaN
sandylay,NaN
rdslight,NaN
sowadally,NaN
GreenBeltRev,NaN
Michael_Heaver,NaN
Valeoftony,NaN
rcox_star,NaN
Jon_Torbitt,NaN
Clemmie_1,NaN
Pat_167,NaN
PWMartin_Leith,NaN
DrScottThinks,NaN
eamonnfitzy,NaN
alyciahayes,NaN
AlanRoden,NaN
LabourUnited,NaN
RussellRElliott,NaN
mathewmichaux,NaN
CMochan,NaN
LDNYoungLabour,NaN
scottcarle,NaN
IanBell1916,NaN
DavidPrescott,NaN
ElaineMaySmith,NaN
MrJamesHendry,NaN
SL1_TV,NaN
MagsNews,NaN
iainmacwhirter,NaN
MartinHoyle0121,NaN
Delpieri,NaN
TheBayOfficial,NaN
Danielapeifion,NaN
celia56,NaN
Ruth_R_Davis,NaN
Storm_Warner,NaN
RobertJSomynne,NaN
DyfedWyn,NaN
AdamBienkov,NaN
BBCPeterHunt,NaN
SkociaWebDesign,NaN
IankKearns,NaN
anshulsahib,NaN
NGH1875,NaN
lisatheitgirl,NaN
marieSNP,NaN
IlfordRecorder,NaN
ZahiraHassan,NaN
lynettewilson11,NaN
CabbiesforYes,NaN
phil_sidney,NaN
laurakyrkesmith,NaN
theodoraclarke,NaN
LeaskyHT,NaN
churchpoverty,NaN
RegencyLabour,NaN
josephwillits,NaN
jacqyerbody,NaN
fawcettsociety,NaN
89Hannah89,NaN
WheresGeorge9,NaN
Camz99,NaN
women4erdington,NaN
jules_birch,NaN
Harinder__Singh,NaN
CllrJohnFox,NaN
natalieben,NaN
ChesterLibDems,NaN
LabourTim,NaN
BrechinSNP,NaN
southsidehap,NaN
dmacl1983,NaN
votetory15,NaN
LeeCatterall1,NaN
YsabelleStewart,NaN
HeadUKCivServ,NaN
CllrJSimpson,NaN
IanBlackfordSNP,NaN
GuidoFawkes,NaN
SidSockhead,NaN
ChibahKatherine,NaN
RichardPalmer58,NaN
timothynixon,NaN
CliveMUKIP,NaN
phil1103,NaN
PaulBrandITV,NaN
LawrenceS8,NaN
JamesAsser,NaN
LKBlumenthal,NaN
PAShanky,NaN
Election_UK,NaN
PlaidDC_CS,NaN
2whit2whoo,NaN
Liam_ascough,NaN
mrpaulaitken,NaN
JanetWilliams99,NaN
BrackleyTories,NaN
mark_g_hoban,NaN
JimDicksLambeth,NaN
willscobie,NaN
lindajlawrie,NaN
richardhowitt,NaN
AlMitchell89,NaN
LibDemPress,NaN
Mike_Coops,NaN
YesVoteScots,NaN
ITVTonight,NaN
HACAN1,NaN
FoysolChoudhury,NaN
lukeblackheath,NaN
MustardTVlabourlewis,NaN
Jack_Mc_Cann,NaN
DavidJames901,NaN
Niamhms23,NaN
DCBMEP,NaN
CamberwellJane,NaN
SNPGlaNW,NaN
Scouriebeast,NaN
endless_psych,NaN
micklesb,NaN
murieltheharp,NaN
HeleddSian,NaN
Sioned_W,NaN
KenSHouston,NaN
WelshLabPress,NaN
Cerithg,NaN
CaptainJimDandy,NaN
NHSConfed_Press,NaN
indycyclist,NaN
cameronpenny,NaN
ruthmosalski,NaN
chrisshipitv,NaN
nigelsanthony,NaN
F4JOfficial,NaN
SkyBrex,NaN
JonValeCN,NaN
FifiKara,NaN
SelbyTrust,NaN
Batley_News,NaN
CAupdates,NaN
LabourCND,NaN
robindbrant,NaN
prospect_uk,NaN
Farming4Yes,NaN
BBCtrending,NaN
PottyParty,NaN
Tog4Policy,NaN
SNP_ForScotland,NaN
teapot12001,NaN
RossDeans,NaN
SeenLight,NaN
StephenTowns10,NaN
jrussell46,NaN
RLA_News,NaN
UrbanEchoNews,NaN
sundersays,NaN
niknoks1980,NaN
ConsFutureScot,NaN
cricketer400no,NaN
JimmieB90,NaN
BBCSurrey,NaN
BBCSussex,NaN
VoteDavidJones,NaN
lyndseyc91,NaN
nickperrylibdem,NaN
CountrysideMatt,NaN
jccnorthlondon,NaN
TonyJonesLab,NaN
alexgallagher2,NaN
JOShUAkANE666,NaN
IndyPolitics,NaN
kevinmckeever,NaN
wainwright_star,NaN
broad__sword,NaN
Odbe34,NaN
InspGadgetBlogs,NaN
Rubicante,NaN
WareOldridge,NaN
mosabbir,NaN
KatieCurtis,NaN
campaigner,NaN
Redpeter99,NaN
mairrowlands,NaN
MaryRiddell,NaN
JewishChron,NaN
andrewgregory,NaN
saheaton,NaN
jrf_uk,NaN
Lyd_Carolina,NaN
The_IoD,NaN
MartinShovel,NaN
hospiceukPA,NaN
NataliaKerr,NaN
thei100,NaN
susydoll1206,NaN
NEChamber,NaN
PJWestlake,NaN
AConstanceMSP,NaN
FergusEwingMSP,NaN
Charles_HRH,NaN
CllrEvans,NaN
SheffieldStar,NaN
Gingerbread,NaN
PescisPen,NaN
TonyHomewood,NaN
BritAsiaTV,NaN
jbnlive,NaN
SWEveningPost,NaN
AlanArchibald51,NaN
ChrisOsborne01,NaN
asda,NaN
Rosie_p0sie,NaN
Debbie_Baird,NaN
fithepans,NaN
KirkySNP,NaN
stefanstern,NaN
MelanieCarmen_,NaN
scotlibdems,NaN
GraceBrodie,NaN
LGrahamOSP2015,NaN
paul1kirby,NaN
ianjamesparsley,NaN
RadioClydeNews,NaN
AdamAllnutt,NaN
myworcester,NaN
chrismurraylaw,NaN
DudleyNews1,NaN
WOWpetition,NaN
dats,NaN
Pablo_1994,NaN
StJohnsHoxton,NaN
EdziaNCM,NaN
AdamMcGibbon,NaN
benglaze,NaN
BBCNorthampton,NaN
C_Pgl,NaN
paulhutcheon,NaN
SteveMorphew,NaN
TheEconomist,NaN
NJav,NaN
ThatMichaelW,NaN
panelbase,NaN
SuttonCouncil,NaN
LibDemInternat,NaN
ShappiKhorsandi,NaN
Women2Win,NaN
nonbinaryscot,NaN
JoanneDouglas0,NaN
MinsuR,NaN
matt_dathan,NaN
Laurie1984,NaN
ChrisRandWrites,NaN
IainMcNicol,NaN
guldill,NaN
ScotIndyDebate,NaN
Garry_Quigley,NaN
WSGazette,NaN
LJ_Skipper,NaN
CllrSteveEllis,NaN
bellacaledonia,NaN
FSBwestyorks,NaN
saraygeorge,NaN
Al_Dal,NaN
RogueCoder250,NaN
jonniilink,NaN
Hasselschmuck,NaN
AgriChatUK,NaN
RobbieDinwoodie,NaN
DannyHackett,NaN
CllrAmandaOL2,NaN
ColinMcKinlay,NaN
Furqan_Naeem,NaN
DebsUnderdown,NaN
_cmatheson,NaN
forwardnotback,NaN
lizzjones18,NaN
Tory_Headlines,NaN
IanM65,NaN
BewdleyMusic,NaN
RosieDuffield1,NaN
DerKennedySinnF,NaN
polsters,NaN
derekvaughan,NaN
NickyAACampbell,NaN
realcolinquinn,NaN
thedancingflea,NaN
pensionstully,NaN
gorgenis,NaN
JordanHennessy4,NaN
DawnMarsdenOC,NaN
ollie_dee,NaN
TCCWales,NaN
workingforwales,NaN
secretspartacus,NaN
golledge_star,NaN
sarahodonnell1,NaN
StirlingCitySNP,NaN
PeterMF_MADE,NaN
albitallman,NaN
Time1075_FM,NaN
MorleyOb,NaN
Fionasstalker,NaN
CouncillorDKirk,NaN
holyroodmandy,NaN
JackHopkins_Lab,NaN
spectator,NaN
yoginigreen,NaN
DavidPBMaddox,NaN
davidtorrance,NaN
LichMercury,NaN
eastsnpladies,NaN
arandhillonWG,NaN
simon_tweeting,NaN
iancriminology,NaN
MuslimCouncil,NaN
hornseychurch,NaN
centrewhatsleft,NaN
rodgers_fred,NaN
Sanjkhet1984,NaN
ELCouncil,NaN
EnBeeTee,NaN
BpoolCouncil,NaN
CllrHelenaCroft,NaN
sigmaplcuk,NaN
dhothersall,NaN
ResFortnight,NaN
Jefforbited,NaN
PudseyLabour,NaN
veganoption,NaN
JamesGray4MP,NaN
BrianDuffyPhoto,NaN
QariAsim,NaN
jonblackbsb,NaN
JoeyMillington,NaN
rebecca_moore_,NaN
Rakhiaismail,NaN
EvaEdinburgh,NaN
soult,NaN
StGeorgesCEBarb,NaN
SouthsideSNP,NaN
CllrHDeynem,NaN
TigerTaggart,NaN
JamesMelville,NaN
hlburden,NaN
labourenergy,NaN
rjdio1974,NaN
BBCWiltshire,NaN
mattgoddin,NaN
Shiny02,NaN
bbcmtd,NaN
evil_del,NaN
IslingtonBC,NaN
garethaethwy,NaN
siliconglen,NaN
DomBres,NaN
MaternityAction,NaN
aral,NaN
martinedobor,NaN
MediaWatchLFF,NaN
ObvzItsAndrew,NaN
Rachel_Blair_,NaN
TheAndrewF,NaN
carlfbeech,NaN
Simon4Boro,NaN
ibrahim_Dogus,NaN
JustinKaneC,NaN
annapannalondon,NaN
CabinetRoom101,NaN
AdlingtonLab,NaN
LiviCentralSNP,NaN
mr_DavidMoore,NaN
Indy_queen67,NaN
SpiritofJD,NaN
sohalv_retep,NaN
j13rdc,NaN
_freyalewis,NaN
EdDaunt,NaN
RyanSuttonPhoto,NaN
G_LAM_S,NaN
TheEIFoundation,NaN
MarkerJParker,NaN
FionaHyslop,NaN
NickBent,NaN
Tabbycatsmum73,NaN
GuzenTuna,NaN
wandlconservs,NaN
Charlielums97,NaN
jonburkeUK,NaN
_Liam_Walker_,NaN
leighcanham,NaN
wordsindust,NaN
syedahammad,NaN
ChrisChapman86,NaN
Oldmanmackie,NaN
nufab4,NaN
ronbuch,NaN
alistairbuster,NaN
MajorMcBloodnok,NaN
AlasdairStephen,NaN
Oris_Ikomi,NaN
trussliz,NaN
ndls61,NaN
daibog,NaN
AtheneDonald,NaN
HackneyLawCentr,NaN
court_govern,NaN
default_egg,NaN
AlexForsythBBC,NaN
MichaelSitu,NaN
Scotsfox,NaN
a_cuthbert,NaN
ianwwsmith,NaN
PaulaJaneB,NaN
stpeterschurch3,NaN
ElinWeston,NaN
whipuk,NaN
elrick1,NaN
mordey,NaN
andylong,NaN
AndyPRG,NaN
scott993,NaN
imajsaclaimant,NaN
CharlotteChung_,NaN
joycemcm,NaN
JoanneCecil,NaN
NaomiAvery_,NaN
StewartWood,NaN
MrFurby,NaN
CeredigionCC,NaN
BRabbetts,NaN
bassmadman,NaN
ross_minton,NaN
AlisonDickie19,NaN
DJack_Journo,NaN
ChrisMcElenySNP,NaN
FergusonMr1,NaN
StayRC,NaN
gaitoms,NaN
VolcanoJenni,NaN
CitizensAdvice,NaN
Jasmine_Ali,NaN
lynrachjames,NaN
LiberalYouth,NaN
indep_lives,NaN
carmenfishwick,NaN
Simon_at_Boing,NaN
JenWilliamsMEN,NaN
MathesonMichael,NaN
AnnNisbet,NaN
swimmersmummy,NaN
BathUniCF,NaN
VickiYoung01,NaN
VictoriaLIVE,NaN
colspn,NaN
Douglas4Paisley,NaN
richards_bd,NaN
DailyPostRachel,NaN
journowillmata,NaN
STVClaireMc,NaN
SNPStrathallan,NaN
benkind,NaN
BBCEleanorG,NaN
BritSciAssoc,NaN
cllrmarkdobson,NaN
Joe__Boyle,NaN
caronmlindsay,NaN
cristiadriana,NaN
stvclaire,NaN
stonewalluk,NaN
TheKingsFund,NaN
leo_boe,NaN
ianjamesjohnson,NaN
thomaskgardiner,NaN
FT,NaN
ChristineElmer,NaN
brandon_lakin,NaN
HanniSiddle,NaN
joe_thomas18,NaN
TjinderSingh,NaN
Glasgow_Now,NaN
PrincessHaj,NaN
BBCScot2015,NaN
BizforScotland,NaN
MartinParlett,NaN
MENnewsdesk,NaN
ScotlandTonight,NaN
Steviebsnp,NaN
Enfield_Indy,NaN
aukbrown,NaN
tomedwardsWN,NaN
cheltandy,NaN
EdinReporter,NaN
TheJadedQueen,NaN
Giskarduk,NaN
UoNSU,NaN
HaggisScoticus,NaN
Natasha_Joy,NaN
slowandquiet,NaN
WeAreBrightBlue,NaN
NosworthyR,NaN
MMackenzie74,NaN
mflah,NaN
OurGenScot,NaN
mrsg2015,NaN
HarriettBaldwin,NaN
ecoeurope,NaN
DanSandersonHT,NaN
DavidWooding,NaN
NottsPolitics,NaN
SofiaPatel100,NaN
macmillanPA,NaN
Mac_Campaigns,NaN
DeAthCardiff,NaN
nucleusarts,NaN
RichardKThomas,NaN
LeedsTories,NaN
SCGEQT,NaN
commonwealgs,NaN
SarahVSpence,NaN
ShitChester,NaN
Independent_SCO,NaN
cargopublishing,NaN
behere_now,NaN
Gateway2TheWest,NaN
jb_bhatt,NaN
tibetsociety,NaN
_mattbaker,NaN
gemz1982,NaN
HammersmithBID,NaN
LiberalMorgan,NaN
KumonDroitwich,NaN
TorySwindon,NaN
BBCIainMac,NaN
AthColeHerald,NaN
PreeceHerald,NaN
WalesYearbook,NaN
jamesdoleman,NaN
NCSUofficial,NaN
ZSchneeweiss,NaN
IanAxton,NaN
MarkDiStef,NaN
ChrisTMarsden,NaN
msgracefh,NaN
M_Williams07,NaN
Swazi_in_London,NaN
handsoffdean,NaN
donna_redding,NaN
clry2,NaN
WillTemple,NaN
SunderlandUK,NaN
MankamalSingh,NaN
SarahAnnGreen64,NaN
francisclarke,NaN
NWarksHour,NaN
mabonapgwynfor,NaN
MetLines,NaN
TheJournalNews,NaN
AdyKerry,NaN
LisaBohlin,NaN
bailey77,NaN
naomjibubbles,NaN
claire_tigher,NaN
Lisa_AnnW,NaN
FreeThinker2040,NaN
DeanCloseSchool,NaN
loftyimp,NaN
sam_rippon,NaN
jrwarner_,NaN
courier_dundee,NaN
ReddishLabour,NaN
neilgrees,NaN
markfreidy,NaN
Baumflough,NaN
Alorenzen,NaN
RadioHumberside,NaN
silverscotland,NaN
RegenSW,NaN
HedonBlog,NaN
SNP_Perth_RT,NaN
aislingrosennis,NaN
CND_PeaceMidSom,NaN
StirlingCouncil,NaN
Stephen83442562,NaN
CllrJamesHalden,NaN
NicolaBurdett,NaN
GABaines,NaN
wilford2015,NaN
LGBTLabour,NaN
Casumptious,NaN
Graeme__McGuire,NaN
shookyshiner,NaN
startupstowers,NaN
UTC_Cambridge,NaN
hurleyben,NaN
Sneekyboy,NaN
AzmatWelfare,NaN
IanGrant_edwest,NaN
eileentso,NaN
huddersfieldSU,NaN
IMeche_Eastern,NaN
meljomur,NaN
stausfi,NaN
MoneBros,NaN
patersonHT,NaN
SimonCycling,NaN
Readalot6,NaN
onelovebrekky,NaN
BickertonSophie,NaN
GurnNurn,NaN
EasternEye,NaN
robinHEG,NaN
Morag_Allard,NaN
CllrTommyCooney,NaN
shiraz_peer,NaN
SkySUBC,NaN
jamesak47,NaN
CawfeeBean,NaN
GrantCu7,NaN
legal_beagle1,NaN
allerdale,NaN
LBHF,NaN
anthonybmasters,NaN
RobChambers1991,NaN
DpcArmstrong,NaN
fest4westham,NaN
EalingYoungLab,NaN
nusuk,NaN
FSB_L_N_R,NaN
AypGroup,NaN
WIP_live,NaN
gavinwhite76,NaN
bbcmerseyside,NaN
markdiffley1,NaN
ardrossanherald,NaN
FlyNavyPhil,NaN
BathChron,NaN
SimonHastelow,NaN
PressBench,NaN
natalie_coupar,NaN
tamlangley,NaN
JaybeeCurtis,NaN
lizmcshane,NaN
BarrosCurtis,NaN
MsNomerPresents,NaN
OSH_SCH,NaN
vloaiza,NaN
TelfordTories,NaN
planet_rita,NaN
stir_president,NaN
HeadwayWorcs,NaN
BrendaPollack,NaN
EPPioneer,NaN
lifeisexpected,NaN
ecburditt,NaN
shrekpar,NaN
Harsimrat__Kaur,NaN
TWDCA1,NaN
antongyan,NaN
BCCare,NaN
AmyJess85,NaN
theshooglypeg,NaN
CorshamTV,NaN
TamilGuardian,NaN
labeldesalis,NaN
carljackmiller,NaN
SebDance,NaN
emilyrowles,NaN
Doodlefi,NaN
Shaneonair,NaN
GlennPage_,NaN
DanielHewittITV,NaN
burnleycouncil,NaN
scottreid1980,NaN
PeterTatchell,NaN
SluggerOToole,NaN
tom4camberwell,NaN
GaryPeskett,NaN
umarjourno,NaN
ClaudeMoraesMEP,NaN
Vaughan_Wms,NaN
MatthewRDavis85,NaN
Paul_Haydon,NaN
ElectionsEtc,NaN
Kelly020479,NaN
jonwalker121,NaN
Irpicus,NaN
FSBEssex,NaN
jamesmb,NaN
Togian,NaN
Parikiaki,NaN
camyounglabour,NaN
RealNessie,NaN
IAmBirmingham,NaN
HamptonSchool,NaN
SkyNewsEditor,NaN
ipasho,NaN
AvonFBU,NaN
leedslibyouth,NaN
RoyalDerngate,NaN
harristeer,NaN
simonfield77,NaN
DonnaLumsden,NaN
Labour4Animals,NaN
AlunR_Thomas,NaN
antonydnelson,NaN
JackCEsq,NaN
Kay_Polley,NaN
Om3zii,NaN
S_YouniS81,NaN
JonathanShkurko,NaN
BabingtonCentre,NaN
CoullRobbie,NaN
GMacdonaldMSP,NaN
DanLThorpe,NaN
Survation,NaN
TheShaw2009,NaN
JacobBirch6,NaN
killie18691,NaN
devlinjim,NaN
glenoglaza1,NaN
owen_g,NaN
MayJoSimpson,NaN
EmmaWarman,NaN
TheRightArticle,NaN
OpBlackVote,NaN
claycon,NaN
madmulljag,NaN
CampbellDonny,NaN
Romsey_Squib,NaN
MMaryMcKenna,NaN
alexaitch,NaN
KJLavery90,NaN
SeamusConwell,NaN
WilliamPowellAM,NaN
CathLane1,NaN
STEPStirling,NaN
adrsmart,NaN
STEPCEO,NaN
Mary4Wakefield,NaN
GrowthBusiness,NaN
GMillerTN23,NaN
LegatumInst,NaN
BuskingWomble,NaN
Energydesk,NaN
newarkcf,NaN
suppinmindscot,NaN
davidcornock,NaN
Baronessjenkin,NaN
BillDunblane,NaN
PaulMaynardBNC,NaN
chungodaw,NaN
cameronettes,NaN
juliegirling,NaN
Plaid_Llambed,NaN
WoodleyTories,NaN
wyliecatherine,NaN
RhodaMacdonald,NaN
PoliticsPostsUK,NaN
benwrightjourno,NaN
puntofisso,NaN
stevenatilley,NaN
TomWRoss,NaN
1giantleap,NaN
Davefevs,NaN
Labour4Totnes,NaN
CwrwLlyn,NaN
FIFCLtd,NaN
JulieFordx,NaN
TheaDickinson,NaN
WorldofDinah,NaN
jon_swindon,NaN
jocoles1,NaN
_davidam19,NaN
SmudgeThomas,NaN
Dorothy_Aidulis,NaN
RSaltLeeds,NaN
mariablavery,NaN
mjlongstaffe,NaN
GarethJAnderson,NaN
HadzAli,NaN
DavidRobson84,NaN
smacnaughtan,NaN
MartynExpress,NaN
SRayner11,NaN
ArmonGwilym,NaN
WorgInfo,NaN
gregorpoynton,NaN
gary_rae,NaN
RHeydecker,NaN
charlster1,NaN
cymro29,NaN
annerdouble,NaN
FrankPodmore,NaN
SebastianBarker,NaN
James_Halfpenny,NaN
helen_seaman,NaN
msclairehegarty,NaN
AntonioDorileo,NaN
RidgeNewman,NaN
mmaher70,NaN
CaraGilkes,NaN
HameTaeTheClyde,NaN
mattlewis1234,NaN
Bestmum42,NaN
Tim_Troup,NaN
CouncillorBill,NaN
hooper_dan,NaN
DavidMcHarg,NaN
Arron_Keating01,NaN
chrisbullivant,NaN
Couthie_Lassie,NaN
YESPentlands,NaN
LeffeAt49DS,NaN
councillormacph,NaN
benmabbett,NaN
CLeslieTeam2015,NaN
Eastleigh_news,NaN
londonworker,NaN
Gillyreeves,NaN
DouglasDaniel,NaN
KateForbes89,NaN
CaroleErskine,NaN
IndependentScot,NaN
DavieG1955,NaN
caebrwyn,NaN
MATatBucks,NaN
MichaelRosenYes,NaN
sara_e_ibrahim,NaN
TomDeakin95,NaN
PhilDavies3,NaN
cherylkebede1,NaN
Newpss,NaN
CllrRalphBerry,NaN
AlexanderInsley,NaN
Katyroar,NaN
flo_jo_mo,NaN
mbrendansweeney,NaN
IamalrightJack,NaN
ashraf1786,NaN
CurryCymraeg,NaN
PutneyCons,NaN
Debbie250872,NaN
GeorgeAylett,NaN
scotsyounglab,NaN
TheGazette,NaN
herrando,NaN
MatthewdAncona,NaN
MikeHannity,NaN
Woodlesfordnews,NaN
SkyNewsPR,NaN
Rhydianf,NaN
susana_mendonca,NaN
LabourBIS,NaN
Khobi_Vallis,NaN
awedgewood,NaN
SamTarry,NaN
CornwallTory,NaN
aijazmoin,NaN
PeterBooth55,NaN
hannahgsimpkins,NaN
RuthGoldwyn,NaN
Baguley_Labour,NaN
BBCSPSE,NaN
alan_gillam,NaN
fraerstevenson,NaN
LeeMarsham,NaN
Jack_Blanchard_,NaN
veganfuture,NaN
AqilaChoudhry,NaN
clairereid1974,NaN
DanielRidsdale,NaN
StBDulwich,NaN
JamesAsfa,NaN
SamuelDyas,NaN
merleneemerson,NaN
iamdougroper,NaN
AdamtlClarke,NaN
CeltiCRab19671,NaN
fairdeal2015,NaN
DrAbdulBShaikh,NaN
iAlexhunt,NaN
LabourHame,NaN
AonghasMacLeoid,NaN
gordonmacmillan,NaN
torygirl123,NaN
domhoy,NaN
GroatsJohn,NaN
ChaabanRabih,NaN
scottaitken_,NaN
BernardMcEldown,NaN
dryad13,NaN
LabourCID,NaN
muzyahmed_MSYP,NaN
JRevitt,NaN
robertvvalker,NaN
AmelieTreppass,NaN
AmandaFBelfast,NaN
HuwLewis,NaN
MarsdenHeights,NaN
SotonGreenParty,NaN
CharleyBendall,NaN
StevenFeldman,NaN
CrumbsandPetals,NaN
AnneStennett,NaN
luceandhan,NaN
alexandharding,NaN
BSmytherman,NaN
mcrfoe,NaN
tomhefferin,NaN
cheltlibdems,NaN
DundeeFans,NaN
alexorr2015,NaN
Ostara_SkinCare,NaN
gregjudge,NaN
BenCooper86,NaN
AsadRKhan,NaN
RGSWorcester,NaN
bbckamal,NaN
SkyNewsTonight,NaN
RossMcCaff,NaN
StoptheFOBTs,NaN
dpaingolf,NaN
herefordhywel,NaN
andy0892,NaN
Tribonian,NaN
SebastianEPayne,NaN
AberavonLabour,NaN
ShabnumMustapha,NaN
Susan60,NaN
LEAPeconomics,NaN
WoodlandTrust,NaN
KNBeattie,NaN
ahddrv,NaN
Tahmina_Rahman,NaN
AnthonyShaw91,NaN
BBCLouise,NaN
killiegradge,NaN
nimssnogard,NaN
Frog_Whelk,NaN
LabourDefra,NaN
penrijames,NaN
GuardianArchive,NaN
JBryantWales,NaN
GeorgeBell93,NaN
LichfieldLive,NaN
YourHereford1,NaN
kevinhyam,NaN
SevenoaksOliver,NaN
ClanDestFilm,NaN
MLBrook,NaN
PALucindaC,NaN
UoHHealthSocSci,NaN
HarryGartside,NaN
RussellHampton1,NaN
BarefootCrofter,NaN
SarahBrown1984,NaN
PriorySouthsea,NaN
radiosthelier,NaN
Toppimages,NaN
SPBrokenPromise,NaN
BRORADIO,NaN
League_Business,NaN
UNISONOurNHS,NaN
scouser73,NaN
tomboorman,NaN
yorkshirecpf,NaN
ScotDecides,NaN
GlasgowTelecoms,NaN
GTeggart,NaN
trisjh,NaN
SteveNewbould,NaN
CllrAlexander,NaN
Leigh_Black,NaN
ClrMajidMahmood,NaN
kevinbonavia,NaN
Fizzinnf,NaN
cunninghampaul,NaN
huwsilk,NaN
ftwestminster,NaN
pgo1980,NaN
kieronyates27,NaN
TheIndyPeople,NaN
bjp11scot,NaN
Blastiel,NaN
AlexWithamPR,NaN
Martin__Higgins,NaN
Adoreboard,NaN
CarolynCaddick,NaN
rabbineiljanes,NaN
SwindonWeb,NaN
COPDdoc,NaN
cmrpemberton,NaN
JRfromStrickley,NaN
Domhnall_iain,NaN
PaulGoodmanCH,NaN
DavidChameron,NaN
IpsosMORIScot,NaN
jackycrawford,NaN
Haitch7,NaN
JennaLMitch,NaN
JohnPentlandMSP,NaN
CambridgeGreens,NaN
anthonydeane,NaN
danielrmilligan,NaN
JaseStevens,NaN
GdnSocialCare,NaN
AnniCampbell1,NaN
photopeted,NaN
Ben_McGrail,NaN
TradeUnionGroup,NaN
JamesAnthonyRN,NaN
CroftonParkLife,NaN
DominicMc999,NaN
SunNation,NaN
hmsstrongbow,NaN
GoodwinMJ,NaN
cara_hilton,NaN
TinaThudBump,NaN
Dandean93,NaN
amber1983,NaN
Scotto_Voce,NaN
CambNetwork,NaN
JohnsonSitu,NaN
WilsonValet,NaN
GregMilbrodt,NaN
Ffyncwraig,NaN
_tta__,NaN
TheLodgeinator,NaN
DavidB1996,NaN
electionsafari,NaN
DemsocScotland,NaN
PYNHaringey,NaN
ldoherty91,NaN
misslucydav,NaN
NFUSParliament,NaN
ibushfield,NaN
HaroonSalaam,NaN
MathGW,NaN
grainger6,NaN
CentralLobby,NaN
COMBEbusiness,NaN
yellowbellyLou,NaN
SLTchat,NaN
CllrPauline,NaN
ChronSallie,NaN
Shawzybaws,NaN
188693,NaN
eddbaIlsmp,NaN
joyjohnson22,NaN
LangBanks,NaN
jammm23,NaN
Jos21Bell,NaN
xpressradio,NaN
JoshuaJPE,NaN
catherinemep,NaN
mark_storer,NaN
RossDPepper,NaN
Matt_Fido,NaN
paddy_greek,NaN
jlowther1982,NaN
JoanWatch2015,NaN
SwissToni_,NaN
MrHarryCole,NaN
BolsoverBeast,NaN
Isaac_Spring,NaN
scotpaulabear,NaN
TumshiePam,NaN
samdwebber,NaN
bbcsomerset,NaN
GraemeSmithHT,NaN
GeordieStewart1,NaN
Simon_Sinclair,NaN
Dizzee_Me,NaN
_canndo,NaN
Bal_Nandra,NaN
cavoceredigion,NaN
TheLawSociety,NaN
Cambrook_PJ,NaN
charley_francis,NaN
LauraAtkin,NaN
Dan_Martin,NaN
JoskiCottee,NaN
cardiffwest,NaN
annewitha_e,NaN
ImranGeoLondon,NaN
TomLaing14,NaN
Minnsey,NaN
TalOfer,NaN
EDP24,NaN
SouthScarleCC,NaN
photomcq,NaN
yseultna,NaN
rossmacrae,NaN
BetteMLynch,NaN
johnharris1969,NaN
ayestotheright,NaN
ryanjennings1,NaN
ConcernUK,NaN
_AnnaDavis,NaN
BeaverRoad_FS,NaN
MIHSforGirls,NaN
Sam1Fleming,NaN
GettyImagesNews,NaN
AngryAlSNP,NaN
dp_williamson,NaN
Drusilla_S_,NaN
thedwright1,NaN
JoeyMillar,NaN
ayubkhan65,NaN
phil4labour,NaN
mclarenmerc,NaN
kensingtonrod,NaN
Gustavahlen,NaN
tomgk_RN,NaN
MarkTW2,NaN
MurrayHawthorne,NaN
TomSkinnerUK,NaN
fhassan4,NaN
HealthFdn,NaN
BTPJoe,NaN
esbagshaw,NaN
zoe_white,NaN
OllyGrender,NaN
46pebbles,NaN
JoshNewlove,NaN
twittingneedles,NaN
ahisbani,NaN
arlenegracexo,NaN
H4ryB,NaN
agendaitv,NaN
fussydolphin,NaN
FHUKPolitics,NaN
COYBIG87,NaN
Stephen_WJ,NaN
theguidemag,NaN
FermanaghJulian,NaN
RichardHaigh3,NaN
DekBannan,NaN
joshheald,NaN
james_kilmartin,NaN
GummyBearGrills,NaN
SarwarEAlam73,NaN
_davidrhodes,NaN
Marcalanharris,NaN
briers79,NaN
UnisonNUTH,NaN
Mid_SussexCF,NaN
raymondtcbrown,NaN
ElectionUnspun,NaN
NestaLloydJones,NaN
kevverage,NaN
EddieACopeland,NaN
mrmarksteel,NaN
hampshireschool,NaN
UsdawUnion,NaN
LlyrGruffydd,NaN
BeckyBarnesB,NaN
weezegee,NaN
alfredjoyner,NaN
Ashfordhead,NaN
davidleemedia,NaN
gentraso,NaN
modishshoes,NaN
stevenimmons,NaN
Stu_Carruthers,NaN
nickylamo,NaN
Richard_ATL,NaN
SophiaSmith222,NaN
LSEGovernment,NaN
JINTY1B,NaN
AndrewRTDavies,NaN
Elite_Boxercise,NaN
JessTaylorPR,NaN
ProtectPubs,NaN
ElinorClapson,NaN
richarddlewis,NaN
BarryWhiteStuff,NaN
policytessa,NaN
JMBDelph,NaN
DCaseyMcEvoy,NaN
Emma_Hughes_,NaN
IntriguingNW,NaN
MarkMansfield10,NaN
AkuaAmore,NaN
coolchiccy,NaN
luciajwalker,NaN
JV_Roberts,NaN
CouncillorTudor,NaN
StuBailie,NaN
markjhooper,NaN
stevebeasant,NaN
UKParlArchives,NaN
randalgwturner,NaN
StPeterWalworth,NaN
YoungLabourBAME,NaN
PaulThomas992,NaN
V_L_Bennett,NaN
britishpoles,NaN
GekkoFM,NaN
TheJoshuaLovell,NaN
lachlangunn,NaN
AlasdairMcD,NaN
pcs_union,NaN
Claire_L912,NaN
DHansenLuke,NaN
Robertodipaola,NaN
CardiffYC,NaN
LeeClark1985,NaN
LewishamQTMum,NaN
heddgwynfor,NaN
mandoconserv,NaN
Hobsonl3,NaN
LSEEuroppblog,NaN
lionelbarber,NaN
krishopkins2015,NaN
Rehman_Chishti,NaN
Garethsocial,NaN
kjsnicol,NaN
becky_bowley,NaN
DarrenKs,NaN
clumhor,NaN
Neilwigg,NaN
JohnJappy,NaN
MiliKPatel,NaN
Sam__McAllister,NaN
GeorgePBGrant,NaN
LizofMuesliHill,NaN
HannaFlint,NaN
SHKMEP,NaN
susanaktemel,NaN
SueRuddick,NaN
Higgy193,NaN
RBFMaguire,NaN
martincoles,NaN
youngfabians,NaN
j_sijstermans,NaN
sophisabella,NaN
tyronce,NaN
Bexster100,NaN
LeedsNWLibDems,NaN
becciepile,NaN
Berngermern,NaN
GCol76,NaN
JimLynchTpt,NaN
thadysenior,NaN
RippedOffBriton,NaN
UpRising_MCR,NaN
_DaisyBenson,NaN
Gillianeames,NaN
ladyhaja,NaN
mdbuckley,NaN
PaulDuxbury,NaN
chacksfield,NaN
MDTories2015,NaN
yorkshirelabour,NaN
jamscott1,NaN
patsy_glasgow,NaN
SAshton9,NaN
Seja75,NaN
QMLabSoc,NaN
Matt4BGandB,NaN
shazknit,NaN
BirksAdrian,NaN
RoyalBlueStuey,NaN
elliottfranks,NaN
ASheridanSNP,NaN
CroydonSean,NaN
SNPWesterRoss,NaN
AndrewCrines,NaN
YesTroon,NaN
squeezed_middle,NaN
SNPBonnyLoan,NaN
ross3515,NaN
PeteDavey88,NaN
MarkVivis,NaN
MarkHennessy,NaN
OpiniumResearch,NaN
paulste1957,NaN
nja5,NaN
spencn5,NaN
Bynbrynman,NaN
DrWinTadd,NaN
MonicaLennon7,NaN
j_wardrop,NaN
chrisjcousins,NaN
BlackpoolSixth,NaN
NaraHodge,NaN
x00,NaN
DeclanLyons,NaN
ryantwhelan,NaN
olliemacarthur,NaN
May2015NS,NaN
YouYesYet,NaN
juliangbell,NaN
CllrFleur,NaN
ge2015bot,NaN
TheMockneyRebel,NaN
joerichlaw,NaN
chrisjlines,NaN
trevdick,NaN
VirtualEnaj,NaN
theinsightedge,NaN
LeedsNWLabour,NaN
EPortSeaCadets,NaN
StuartAllenFCMI,NaN
WeAreFigures,NaN
LizParsons71,NaN
KeithWalkerNews,NaN
UKElect070515,NaN
Mr_Magners,NaN
lucymac,NaN
CllrVivKendrick,NaN
tomchapman16,NaN
liamronan,NaN
RickJWaghorn,NaN
cleanandlight1,NaN
Artminx,NaN
laweenatroshi,NaN
mabonrhun,NaN
HaroldH_2015,NaN
savehfhospitals,NaN
The_ChrisShaw,NaN
jackieb53977324,NaN
judedeakin,NaN
HelenRobertsUK,NaN
PeterHain,NaN
aliceperryuk,NaN
JackMcKelvie,NaN
CharlieEdmunds,NaN
megkneafsey,NaN
wallaceme,NaN
roisinmiller,NaN
TimReidBBC,NaN
PlasLabour,NaN
patronsaintofca,NaN
stuckinscared,NaN
Live_Art_Local,NaN
FelipeABaquero,NaN
PeterWHiggins,NaN
NaeBorder,NaN
Yasmine_Dar,NaN
RadhikaMadhani,NaN
NeilGray3,NaN
SGadiLondon,NaN
TomPowdrill,NaN
gregalach,NaN
uuponline,NaN
rrwholloway,NaN
Gloss80,NaN
SNPKirrie_Dean,NaN
a1fire999,NaN
PD_Politics,NaN
GracieSamuels,NaN
adammcnicholas,NaN
NeenaGmep,NaN
Elaineac1,NaN
romseyabbey,NaN
stuartmillar159,NaN
LEJ88,NaN
annandjeff02,NaN
MargaretButer,NaN
shaqfu85,NaN
laura4roundway,NaN
edstaite,NaN
JoeCorina,NaN
ChineseLibDems,NaN
vox_femina,NaN
Johnny_Marr,NaN
martin_mckee,NaN
gilliangallardo,NaN
RyanHemmings,NaN
G_McNeill_WLDC,NaN
emilyhilton,NaN
WhitefieldLab,NaN
ConservGains,NaN
Reena_Ranger,NaN
BradfdActivists,NaN
Unite785,NaN
kevin_maxwell,NaN
LesleyHulonce,NaN
emmariina,NaN
JoJolike,NaN
mahmooa1,NaN
LornaReith,NaN
Katie_Dalton,NaN
orangejuiceard,NaN
BRAMHOPEJUNIORS,NaN
MogsyMorg,NaN
GabriellaJ,NaN
jleather,NaN
KeithMurray54,NaN
foreverbsl,NaN
SuzanneEvans1,NaN
askewadam,NaN
TomlinsonsCafe,NaN
andy_revival,NaN
alexbainbridge,NaN
Darth71S,NaN
markhillary,NaN
aitken_marc,NaN
CWaCTory,NaN
SarahBoniface1,NaN
sivnsn,NaN
harryph,NaN
Ilmarn1,NaN
AG_ThorpeApps,NaN
chris_percy,NaN
KAlmsivi,NaN
malinheenallan,NaN
Macanne,NaN
Che_Brent,NaN
TheAbdulKahhar,NaN
AnimalAid,NaN
Calum_Ansell,NaN
John_Gillibrand,NaN
LBroomRadio,NaN
yates_rob,NaN
Stuarte,NaN
John_Park,NaN
bbcnewcastle,NaN
IndyHealth,NaN
nickpickles,NaN
BBC_Cumbria,NaN
steverichards14,NaN
Mog83,NaN
dontgetfooled,NaN
syedjamalkazmi,NaN
wallacevillas,NaN
WalesPolitics,NaN
e_nation,NaN
helenaaparker,NaN
bathimpact,NaN
midnorfolkrly,NaN
HuishLibrary,NaN
Anthea_Dickson,NaN
TomLangley2,NaN
TomTom1173,NaN
CleanAirLondon,NaN
bovicebillwise,NaN
alnwickgazette,NaN
Crafty_Goddess,NaN
NJASteiner,NaN
Ray_McRobbie,NaN
RobertsonPaulC,NaN
JuliaHB1,NaN
TheCommonSpace,NaN
voteforpolicies,NaN
Ross_Dunn,NaN
ak18dar,NaN
tcatory,NaN
Roh_Yakobi,NaN
MrFrannieH,NaN
JoaniReid,NaN
ShiftingGrounds,NaN
angleseycouncil,NaN
ianbaxter_green,NaN
kirsty_boyle,NaN
Grandpa_Pete,NaN
MartinCathcart,NaN
BallotBlogs,NaN
miss_lisak,NaN
MartinBelam,NaN
d_smith2407,NaN
susan1878,NaN
SamuelEllisRees,NaN
MacDonaldCal,NaN
Jodatu,NaN
Moonchild67,NaN
itsmarcjones,NaN
YesBarGlasgow,NaN
lisasidwells,NaN
SimonMoores,NaN
LvpoolNatropath,NaN
Snewsma,NaN
pavitarmann,NaN
northernlennon,NaN
grayee,NaN
mmscotia,NaN
gingio,NaN
DaranHill,NaN
JimGamble_INEQE,NaN
annasarahconda,NaN
BobJBlizzard,NaN
notley4ealing,NaN
KellyMParry,NaN
BishManchester,NaN
tom_ComRes,NaN
botzarelli,NaN
AnLabhrach,NaN
lboroCRC,NaN
Politico_Daily,NaN
KrustyAllslopp,NaN
angelboudoir,NaN
burtonrdchippy,NaN
itstash538,NaN
LoughbroMatthew,NaN
MaryxMaguire,NaN
5littleboys1,NaN
WoolwichWideWeb,NaN
FraserHudghton,NaN
marianne_am,NaN
benhumphreyuk,NaN
lauramalarkey,NaN
youngkilshaw,NaN
Wonkatastic,NaN
lightacandleOTM,NaN
weefee118,NaN
ChrLeft,NaN
brumvotes,NaN
Badgerspin,NaN
menburke,NaN
cpeedell,NaN
Josh_CityIndex,NaN
FlipPrior,NaN
DDParky,NaN
myhassocks,NaN
andrewtunstall,NaN
SeanTRooney,NaN
MuzdalfaAhmed,NaN
BarbaraParry,NaN
conseuropegroup,NaN
fleetstreetfox,NaN
LibraryArchBish,NaN
rossmcatasney85,NaN
StJohnsWindows,NaN
5_News,NaN
MattFoot2,NaN
LocalSCambridge,NaN
GoodNewsHackney,NaN
steadiebear,NaN
joecooknow,NaN
abparchitects,NaN
BaqirResistance,NaN
MillfieldLD,NaN
SaraTye,NaN
rbrinkhaus,NaN
yogisrevenge,NaN
SophiaMorrell,NaN
hwallop,NaN
marklyonette,NaN
worldwarhulk2,NaN
mbmcentegart,NaN
c_of_e,NaN
azizmusa,NaN
ZamanTayyab,NaN
StewMott,NaN
CNTomFitz,NaN
chrisjhopkinson,NaN
ClairRatcliffe,NaN
100MCR,NaN
knitboy,NaN
Blondie_KDE,NaN
AndrewDavies2,NaN
shoaib2007,NaN
enotman65,NaN
tgjenkins,NaN
AlastairMcG,NaN
helenhowden,NaN
KayaJunction,NaN
Andy_Notman,NaN
GailLythgoe,NaN
Michael4Parl,NaN
CLA_Politics,NaN
GlenJamesFraser,NaN
aemmarose,NaN
chevdonaldson,NaN
Kyleeveritt,NaN
richjohnson,NaN
StBenedictDerby,NaN
Danny_Murphy1,NaN
cmerrey,NaN
JubalBarca,NaN
EastbourneCan,NaN
zimgirl19,NaN
TozzerA,NaN
Tilgate_FGreen,NaN
howells_nicola,NaN
clionamccarney,NaN
Harry_Matthes,NaN
TeamPeterKyle,NaN
BywellNland,NaN
Rutlandcfield,NaN
Liza_Harding,NaN
marktague,NaN
magendrag,NaN
PatrickGaffney8,NaN
carlyboyg,NaN
cerysfurlong,NaN
BizzySarah,NaN
Chron_Politics,NaN
sarahhutton18,NaN
SaoirseT98,NaN
Bantamanic,NaN
ConservativeCCh,NaN
chrisgetoutside,NaN
forssjen,NaN
AlLonergan,NaN
jammybaldwin,NaN
FaisalKhanBfd,NaN
HarrietJEdgar,NaN
newschambers,NaN
CllrButt,NaN
ZaheerQadiri,NaN
AAgha60,NaN
HayleyJay81,NaN
Oscar8192,NaN
redhotraggle,NaN
Ramsbury_Man,NaN
emobag,NaN
cheseabourne,NaN
SanchiaAlasia,NaN
MrGaziBD,NaN
Clanranald,NaN
ArttuRajantie,NaN
BrookesTimes,NaN
coolnair,NaN
ChiefEditorMG,NaN
NewHopeElephant,NaN
cliffordgs,NaN
Wales_Politics,NaN
RobertLodge73,NaN
SRMarketingRach,NaN
sophiearichards,NaN
SamWhiteLondon,NaN
bbcradiomanc,NaN
mwgehring,NaN
Carl_The_Beard,NaN
allanramo,NaN
jackiesayce,NaN
Lizzzzz_E,NaN
LewisKernow,NaN
EMMAREES,NaN
Degsy1013,NaN
j30moo,NaN
kevinmackenzi18,NaN
saveclerkenwell,NaN
GB_OH,NaN
Brumstew,NaN
harmeetsbrar,NaN
DoverDC,NaN
NishanthiG,NaN
MichaelKheng,NaN
emilyhilditch,NaN
RupertMyers,NaN
sharonconnor28,NaN
kateLthwaites,NaN
nursereubs,NaN
AustinPanttawel,NaN
FeministPics,NaN
planning4pubs,NaN
HMThompson_,NaN
jillykins22,NaN
grahamdines,NaN
DeanDuke,NaN
miraryness,NaN
jonnyhealey,NaN
littlebirdwoman,NaN
lornajane2,NaN
prl1982,NaN
BerthanPete,NaN
Catriona_Rae,NaN
random_cohesion,NaN
tchowells,NaN
dylanblues,NaN
AllanDLWilliams,NaN
lizzsters,NaN
PrintForLabour,NaN
sarasheridan,NaN
samblackledge,NaN
Chris_TheLizard,NaN
JWSWindowsLtd,NaN
nippysturgeon,NaN
curlycaff,NaN
PoytaGalvin,NaN
KarlBeaney,NaN
stellamedia,NaN
MilenaBuyum,NaN
NorthamptonBC,NaN
mastermindxl8,NaN
vickyford,NaN
hervey_elaine,NaN
AndyDevanney,NaN
BenPindar,NaN
jcmc_john,NaN
i_l_ceramics,NaN
katiethreadgill,NaN
mrs_bremner,NaN
Scase86,NaN
TheMehOffice,NaN
sharmil_kumar,NaN
ParkyBlue,NaN
Tim_Mullen,NaN
tplday,NaN
GSD_PRO,NaN
mccabe_kerry,NaN
BDEFbites,NaN
srd212,NaN
Bangorstudents,NaN
HexhamTories,NaN
timothy_barnes,NaN
jack_holborn,NaN
_Chloeellen,NaN
Digitalnun,NaN
CarlaTurner89,NaN
SteveToms01,NaN
luke_o_reilly,NaN
rokhsanafiaz,NaN
fairergambling,NaN
Scunnered101,NaN
BecksBDaniels,NaN
sileisabeth,NaN
A4BAS,NaN
MagnaCarta800th,NaN
josiedobrin,NaN
Callumtotten,NaN
Muzzascot,NaN
shivface,NaN
CFRocker8889,NaN
toon_blue,NaN
Brad5haw,NaN
Kayleighboox,NaN
percy_monkey,NaN
javied,NaN
ne_henry,NaN
sjfernandez7,NaN
shakespeare_t,NaN
MrJDexter,NaN
MartinLulham,NaN
kent_touchdis,NaN
TimothyAnsdell,NaN
Damneardrookit,NaN
playpieces,NaN
Tolpol77,NaN
RyanAMarks,NaN
Scrumppreserves,NaN
Ashdav92,NaN
tomriordan,NaN
PinkCatJo,NaN
trentca,NaN
RedMagDaily,NaN
RahimaBegum101,NaN
thelinc,NaN
TRWBURROWS,NaN
ircymru,NaN
BBCRadioSolent,NaN
positifwales,NaN
lucethornton,NaN
mikeacthomas,NaN
paulsysum,NaN
RadioDowntown,NaN
TomDyer96,NaN
TheOfficialLucC,NaN
johnpauldickie,NaN
BBCRadioLincs,NaN
leogriffin,NaN
amyglendinning,NaN
chris_browning,NaN
cllrjohnp,NaN
PortsmthNewsHub,NaN
lewisworrow,NaN
Hulllabour,NaN
johnrayitv,NaN
