HelenJonesMP,0
CherylGillanMP,0
IrrancaDaviesMP,0
MrJohnNicolson,6
drewhendrySNP,1
LizMcInnesMP,1
GwynneMP,1
grahamstuart,0
AndyLoveMP,0
NickyMorgan01,0
Owen_PatersonMP,1
OnnMel,0
GRobinsonDUP,0
TomTugendhat,0
AndyMcDonaldMP,0
alisonseabeck,0
HelenGrantMP,0
Jesse_Norman,0
EstherMcVeyMP,0
YvetteCooperMP,1
jon_trickett,0
alisonthewliss,0
robertsymsMP,0
JakeBerry,0
CatherineWest1,0
PGibsonSNP,0
swilliamsmp,1
RachaelMaskell,0
FlickD,0
KeeleyMP,0
RobWilson_RDG,1
RobertBuckland,1
AnneMiltonMP,0
MarcusFysh,0
cathyjamieson,1
Mark_J_Harper,0
mark4ceredigion,0
helenhayes_,0
georgegalloway,0
NicDakinMP,0
LucyMPowell,2
GloriaDePiero,0
MickeyBrady4MP,1
CLeslieMP,0
Tobias_Ellwood,0
tracey_crouch,0
duncanhames,0
stephen_gilbert,0
SamGyimah,0
mowat4ws,0
AnneMcLaughlin,1
AnasSarwar,1
EmmaLewellBuck,0
S_Hammond,0
TellRanil,0
olivercolvile,0
MarkReckless,0
dannyalexander,0
Bill_Esterson,0
naomi_long,0
BenPBradshaw,0
Dunne4Ludlow,0
SteveReedMP,0
andrewpercy,0
AlexSalmond,7
RoryStewartUK,0
steve_mccabe,0
JimHood_MP,0
agriffithsmp,0
CharlieElphicke,0
PaulBlomfieldMP,0
angelaeagle,3
ben4ipswich,1
PatGlassMP,0
AdamAfriyie,0
DJWarburton,0
meaglemp,5
sheryllmurray,0
AmberRuddhr,0
edvaizey,1
SeemaKennedy,0
AnnMcKechinMP,0
Geoffrey_Cox,0
drdanpoulter,0
telliott_UUP,0
_PaulMonaghan,3
GrahamAllenMP,0
nick_clegg,1
GradySNP,15
DouglasCarswell,0
EdwardDaveyMP,0
PeterJLuff,0
pamela_nash,0
tobyperkinsmp,4
jimmurphymp,1
Keir_Starmer,0
neill_bob,0
DamianCollins,3
AndrewRosindell,0
kitmalthouse,0
ChrisM4Chester,0
JulieForBurnley,0
PeterBoneMP,0
grahamemorris,4
GordonBanksMP,0
WalkerWorcester,0
ChukaUmunna,0
MaryMacleodMP,0
ConorMcGinn,0
ChrisPincher,1
mikejwood,0
scullyp,0
JudithCummins,0
stroud_neil,0
GeraldJonesLAB,0
andreajenkyns,1
DavidJonesMP,1
IanLaveryMP,0
Anna_Soubry,0
ChrisLeslieMP,0
Tell_Karen,0
AndrewBridgenMP,0
SteveBakerHW,0
uxbridgewalrus,0
KevinBrennanMP,0
DawnButlerBrent,0
HywelPlaidCymru,3
RichardBurdenMP,2
ChrisRuaneMP,0
charles_kennedy,0
GemmaWDMP,0
nataliemcgarry,7
alancampbellmp,3
MegMunn01,0
heidiallen75,0
OliverHealdMP,0
tpearce003,0
NadineDorriesMP,0
Metcalfe_SBET,1
JamesDuddridge,2
GregHands,7
RogMull,4
PeteWishart,3
FionaODonnellMP,1
CarolineLucas,0
gildernewmp,0
ianpaisleymp,0
KarenPBuckMP,1
JennyChapman,0
APMiller1949,0
GeorgeKerevan,0
SueHayman1,0
DLidington,0
JulieHillingMP,0
DdeBK,0
justinmadders,0
LouHaigh,0
Royston_Smith,0
nicolablackwood,0
AlistairBurtMP,0
Y_FovargueMP,0
SharonHodgsonMP,0
JennyWillott,0
GarethThomasMP,1
NorwichChloe,0
StewartMcDonald,4
iswales,0
Stewart4Pboro,13
davidtcdavies,0
GWilliamsonMP,0
RuthSmeeth,0
fionamacmp,0
mthroup,0
Debbie_abrahams,6
spelmanc,0
LindsayHoyle_MP,0
LiamFoxMP,5
BrandonLewis,4
nadhimzahawi,0
StuartAndrew,0
AndrewSelous,0
Meg_HillierMP,0
greggmcclymont,0
William_Wragg,0
davidburrowesmp,0
davidmackintosh,0
Annette4MDNP,0
AlbertOwenMP,0
marklazarowicz,0
IanMurrayMP,0
paulasherriff,1
margotjamesmp,0
adriansandersmp,0
SDoughtyMP,3
JonAshworth,0
RichardGrahamMP,0
JackDromeyMP,2
HackneyAbbott,0
LouiseEllman,0
KateOsamor,1
hilarybennmp,0
AngusMacNeilSNP,1
Peter_Dowd,0
IanCLucas,0
NigelDoddsMP,0
bphillipsonMP,0
mikeweirsnp,0
Vernon_CoakerMP,0
mattwarman,0
thomasbrake,0
annebegg,1
ronniecowan,1
markdurkan,0
grantshapps,2
MRitchieMP,0
cj_dinenage,0
JonathanPlaid,0
Mike_Fabricant,0
GeraintDaviesMP,0
IanMearnsMP,0
patmcfaddenmp,0
Simonhartmp,1
AnnClwyd,0
Mike4Eastleigh,0
mtpennycook,3
PhilipDaviesMP,0
Rees4Neath,0
Alison_McGovern,0
RichardBurgon,0
robertabwMP,2
Caroline_Ansell,1
joanryanEnfield,1
SuellaFernandes,0
KateGreenSU,0
Pauline_Latham,0
bernardjenkin,0
stevedouble,0
NazShahBfd,0
gavinshuker,0
Valerie_VazMP,0
SKinnock,0
HollyLynch5,0
MikeKaneMP,0
jreynoldsMP,0
timfarron,0
VirendraSharma,0
RebeccaHarrisMP,0
Bob4Colchester,0
tom_watson,3
coyleneil,0
BobBlackmanMP,0
halfon4harlowMP,0
MarkTamiMP,0
SarahChampionMP,0
DesmondSwayne,0
JimMcGovernMP,0
marion53f,0
PaulMaskeyMP,0
KerryMP,0
lisanandy,0
InverclydeMP,1
SeemaMalhotra1,1
karlmccartney,0
rushanaraali,1
Steven4Stirling,2
JoStevensLabour,1
JohnMannMP,1
tania_mathias,0
NickHarveyND,1
TomBlenkinsop,0
Ed_Miliband,4
DrPhillipLeeMP,0
GavinBarwellMP,0
JBrokenshire,0
claire4devizes,0
stephen_mosley,0
J_Donaldson_MP,0
IanAustinMP,0
RLong_Bailey,0
jc4southsuffolk,0
Margaret_Curran,0
HugoSwire,0
julianknight15,0
timloughton,0
TommySheppard,0
JTomlinsonMP,2
MarkFieldMP,0
ZacGoldsmith,0
michelledonelan,0
JonCruddas_1,1
frankfieldteam,0
Offord4Hendon,0
KarlTurnerMP,1
SimonKirbyMP,0
KevanJonesMP,2
ArklessRichard,0
CliveEfford,0
HarrietHarman,1
JackieDP,0
johnmcdonnellMP,0
HenrySmithMP,2
stellacreasy,1
AlasdairMcD_MP,0
Freeman_George,1
danielbyles,0
PaulBurstow,0
hammersmithandy,1
michaelmeacher,0
cmackinlay,0
lucianaberger,4
AlokSharma_RDG,0
Jeremy_Hunt,0
DanJarvisMP,3
chhcalling,1
GregMulholland1,0
AlanBrownSNP,0
carolinenokes,0
theresecoffey,0
johnpughmp,0
geraldhowarth,0
GordonMarsden,0
lynbrownmp,0
Byron_Davies,0
acarmichaelmp,0
joannaccherry,1
ben4bath,0
mimsdavies,0
JohnHowellMP,0
EmilyThornberry,0
Michael4MDNP,0
JeffSmithetc,0
AndySawfordMP,0
RogerWilliamsLD,0
Nus_Ghani,0
BWallaceMP,0
OwenThompson,0
LSRPlaid,1
PriskMark,0
MartinJDocherty,1
callum_mccaig,1
BrendanOHaraSNP,3
PeterNorthDevon,0
BarrySheerman,0
MarkLancasterMK,0
MPritchardMP,0
TulipSiddiq,0
murrisonMP,0
sajidjavid,0
annaturley,0
IvanLewis_MP,0
leicesterliz,7
TasminaSheikh,12
johnredwood,0
KatyClarkMP,2
RobFlelloMP,0
ChrisWhite_MP,0
MichaelMcCannMP,0
CPJElmore,2
KellyTolhurst,0
EricPickles,16
margarethodge,0
CarolineFlintMP,0
joswinson,0
Jochurchill4,0
damiangreenmp,1
AnneMcGuireMP,0
BlaenauGwentMP,0
lucyallan,0
DianaJohnsonMP,7
nickhurdmp,0
IainWrightMP,0
nickdebois,1
vickyfoxcroft,0
stephenctimms,0
nickherbertmp,0
wesstreeting,6
StephenLloydEBN,0
vincecable,0
Andrew4Pendle,0
spellar,1
MikeGapes,0
amandamilling,0
morton_wendy,0
EilidhWhiteford,0
Mark4WyreForest,0
ACunninghamMP,0
pow_rebecca,0
karinsmyth,0
Mark_Spencer,0
HannahB4LiviMP,1
AlecShelbrooke,0
andrealeadsom,0
tomgreatrexmp,4
JulianSmithMP,0
DeidreBrock,0
FrankRoyMP,0
SadiqKhan,29
MGreenwoodWW,5
JDjanogly,0
ChiOnwurah,0
jessicamordenmp,0
heidi_mp,0
LilianGreenwood,0
DavidCrausby,0
JasonMcCartney,0
PhilWilsonMP,1
JamesCleverly,0
MadeleineMoon,0
HuddlestonNigel,0
DanielZeichner,0
johnleechmcr,0
SimonWrightMP,0
tessamunt,0
AngelaRayner,3
jessphillips,0
craig4nwarks,0
rosie4westlancs,0
gregknightmp,1
BarryGardiner,0
lisacameronsnp,5
PaulFlynnMP,1
annietrev,0
AlunCairns,0
DavidNuttallMP,0
karen__bradley,0
neil_parish,0
Harry4BH,0
RupaHuq,0
LiamByrneMP,2
MartinChelt,0
willquince,2
SheilaGilmoreMP,0
Helen_Whately,0
carolynharris24,0
David_Cameron,0
conormurphymp,0
AlexChalkChelt,0
jeremycorbyn,0
stevewebb1,1
FitzMP,0
normanlamb,0
ChriswMP,8
mariacaulfield,0
VictoriaPrentis,0
jreedmp,0
DavidHansonMP,0
GrahamJones_MP,1
Maria_MillerMP,0
AVMitchell2010,0
labourlewis,0
Jo_Cox1,0
AndrewGeorgeLD,0
RachelReevesMP,7
ShabanaMahmood,0
William_Bain,0
EmmaReynoldsMP,16
peterkyle,0
kevin_j_foster,0
ericjoyce,0
RichardBenyonMP,1
MaryRobinson01,0
patel4witham,0
HighPeakAndrew,0
SimonDanczuk,0
MichelleThomson,2
CatMcKinnellMP,1
GutoBebb,0
JulieElliottMP,0
edballsmp,2
VotePursglove,0
StephenGethins,4
RobertJenrick,0
Craig4CardiffN,0
backborwick,2
JWoodcockMP,0
DAlexanderMP,0
DerekThomas2015,0
WSW_Labour,0
YasminQureshiMP,0
TristramHuntMP,46
nsoamesmp,0
BorisJohnson,0
JohnGlenMP,0
DougChapmanSNP,1
StewartHosieMP,8
Richard4Watford,0
julianhuppert,0
Thomas_Docherty,0
Michael_Ellis1,0
iainastewart,0
matthancockmp,0
angelasmithmp,0
kirstenoswald,0
kevinhollinrake,0
HelenGoodmanMP,0
GuyOpperman,0
JohnHealey_MP,0
DavidWardMP,0
ChrisLawSNP,0
DavidLammy,0
PhilBoswellSNP,0
PennyMordauntMP,0
StephenTwigg,0
conservatives,2
ed_radio,1
RichardlyleSnp,2
theSNP,363
NicolaSturgeon,66
LesothoComTeam,0
PeoplesNHSScot,0
osp_2015,1
batchelorshow,0
BoringOleFart,0
lewisritchieSNP,1
LordAshcroft,0
Rosiecosy,0
GwynneCllr,0
SNP_NE_Fife,1
SwitzerlandFash,0
Team2015,0
JoeFitzSNP,1
snpkinross,8
ValeofLevenSNP,17
clydebank_snp,24
DumbartonSNP,16
Carol4GlaNW,10
Maryhill_SNP,0
i_dee51,0
GlasgowMSP,4
AlynSmithMEP,4
RutherglenSNP,2
MgtFerrierSNP,3
DanJukes17,0
LondonLabour,1
EmmaSNPHarper,4
lostjimmy,0
the,0
calumrkerr,2
EdinSWSNP,176
EdinburghWfi,0
scottishlabour,33
mshafiquk,0
ClrLeighDrennan,0
The_Proclaimers,0
Amy__Macdonald,0
LabourSJ,0
InverclydeCLP,0
TootingLabour,0
joanwalley1,0
DailyMirror,12
VoiceOfGen1,0
Kenny4PartickW,16
otherchrises,0
FraserNelson,16
apmcfadyen,0
EastLothianSNP,21
live_life_safe,2
SusaninLangside,5
gregmoodie,3
Steveredwolf,0
birdman1066,0
50for15,2
AndraFaeNairn,0
dscott_aberdeen,0
susan_bell1212,0
SNPDunblane,36
lag36,0
EdwardCrouchUK,0
GCC_SNP,3
Jen4Indy,1
KeepStJoes,4
lauramarsh70,6
Tameside_Labour,4
LabourNorthWest,2
Lynne_Stott,0
GwynnePup,0
ScotNational,2
paulwaugh,4
Examiner,1
BBCLeeds,8
AngusMacNeilMP,0
snpenl,6
billybragg,0
LondonWelshCCLL,0
ChristineCarer,0
JohnSwinney,2
ferryoons,1
MagickmikeMike,0
barkinglabour,0
lbbdcouncil,0
eastwoodsnp222,1
mercurytheatre,0
Shettleston_SNP,6
HumzaYousaf,4
AbdnNorthKirsty,5
ShefLabStudents,0
GeorgeWParker,0
BBCRadio4,0
DefenceHQ,0
theSNP#voteSNP,0
LadyM_McManus,0
missjuliewooly,3
NThomasSymonds,0
traceymacleod1,0
Telegraph,22
EDI_Airport,0
crowdfunderuk,0
naughtiej,0
inverkev,0
trekkie101,1
sarahsackman,0
SarahOwen_,0
dazeythinker,0
akmacg,0
sacha_mbe,0
JoanMcAlpine,3
AileenMcLeodMSP,1
sheffieldlive,0
NATO,0
LeftFootFwd,0
LibbyWienerITV,0
itvnews,34
lesleyriddoch,0
imrichardmorris,0
EstuaryTV,0
AmnestyUK,0
nhsbill2015,0
womensaid,0
Girlguiding,1
GlasgowSouthSNP,0
gusna11,4
R4wli,0
flipsidefunny,0
lukedcoffey,1
sammorganmoore,0
DarrenHall2015,0
TimHarford,0
MorayMP,13
ScotTories,0
RuthDavidsonMSP,0
ObiWanMacJock,0
InvernessSNP,3
ScotForUK,0
CassiltounHA,0
eveningchron,10
davemckay76,0
pressjournal,0
LondonLovesBiz,0
unisontweets,3
electprentis,0
AJABurnett,0
GunnPolitics,6
SuthSNP,23
Palayo,0
WomenForIndy,0
LibDems,142
theSNPs,0
RossThomsonTory,0
SenAbnorth,0
chepstowschool,0
ThunderclapIt,0
youngvotersuk,0
MayorofLondon,0
DeputyMayorTH,0
UKParliament,16
GPMcGregor,0
ThurrockPolly,0
thurrocklabour,0
UKLabour,6
HighlandLibDems,1
KeithBrownMSP,1
AndyscafeNQY,0
EastLothianCLP,0
CateGeorge69,0
clatchardcraig,0
Conorpope,0
LabourList,1
EilidhWhitefords,0
SNPEdinForth,0
SnpLochaber,0
Manresapoint,0
StigAbell,0
LBC,0
UKLabours,0
mrskerryw,6
JaynePDunn,0
KarenRowling,0
genrentuk,0
tara6171,0
RowanMoore,0
BBCWestminHour,0
carolynquinncq,0
BBCSheffield,0
NMcCiavelli,0
lara_norris,0
Jessica_Asato,0
Daily_Record,8
NaeFear,4
elcourier,0
Blisscharity,0
Parlez_me_nTory,7
Independent,52
CAMRA_Officials,0
shelaghfogarty,2
whipper_snap,0
Lawyersforyes,0
BBCWorldTonight,0
saltervilla,0
B31Voices,0
Bret4Northfield,0
alzheimerssoc,5
ClydesdAileen,3
adamfiddle,0
jockulla,0
NapierHamish,0
LoveQueensferry,0
CllrNormanWork,3
ganbowling,0
youtube,0
unionstogether,5
OwenJones84,7
Palomafaith,0
MirrorPolitics,24
PartickFeargal,14
uochester,0
ruthyie,0
Spetmologer,0
IslingtonSouth,0
tomclearwood,8
BWV2,4
DuineEileAmhain,0
GlenthornePSHE,0
BBCMarkMardell,0
the_tpa,0
iealondon,0
isaby,0
MarkJLittlewood,0
J_Bloodworth,0
RuPaul,0
pinknews,0
38_degrees,1
ChrisCr999,0
GdnVoluntary,1
RuglenReformer,3
olaygazeteuk,0
MarcoBiagiMSP,0
EdinCentralSNP,0
theabbeyschool,0
misterhsk,2
EdinburghSNP,2
Alibroon1,0
jimijoflynn,0
dmross63,1
MackaySNP,0
BasGazette,0
MacKenziePeterR,0
HighlandSNP,1
YesHighland,2
JamesAmcvean,1
AlexanderEmbo,0
Ivan_McKee,3
ruth_wishart,0
MarrShow,1
Tricia_td,0
Radio5live,0
shirleyjseaton,0
Plaid_Cymru,42
SandraWhiteSNP,0
WingsScotland,0
Fankledoose,7
IainDale,2
dan4barnsley,10
RSylvesterTimes,0
AlanJPatterson,0
mylifemysay,0
Channel4,0
twitter,0
HS2Parliament,0
BradfordCollege,0
ikonmusic1,0
LordAshcrofts,0
vincemaple,1
naushabahkhan,0
cllrtrisosborne,0
Katy_McCloskey,0
BBCScotlandNews,5
SaffronKim,0
GavinJuniper,0
CamdenLabour,0
bear_ger,0
sdailey87,6
AnndraMoireach,2
PRSD,0
TorbayCA,0
NickPetre,0
Purna_Sen,0
NottinghamCitz,0
RoyalNottingham,0
CitizensUK,0
CommonsIDC,0
malcolmbruce,0
Dazpower,0
yeskelty,0
Radical_Indy,0
demTVscot,0
SNPwindaes,0
PenarthTimes,0
Jas_Athwal,0
GlasgowSNP,0
greenwichlabours,0
charlton_house,0
HoughtonWeavers,0
ed_milliband,0
ITVCentral,0
GarryPatrick1,0
LikeYourFitness,0
SaintsRugby,0
UNISONWales,0
LouiseBaldock,0
val_hudson,3
MDUK_News,1
janemum1,0
gordon_tony,0
DPJHodges,3
hudpolitics,1
huddersfielduni,0
SwindonAdvocacy,0
sallymiranda,0
cllrgsimpson,0
GlenysThornton,0
williecoffeysnp,0
guardiancultureâ€™s,0
DerekMackayMSP,5
jesuisELP,3
LabourCfS,0
wheatsheafTbec,0
eharveyART,0
julie4nw,5
akhanmep,0
amanjit,0
MrJohnNicolsons,0
SNPKelvin,11
rochellemonte,0
theJeremyVine,3
JM_Wentworth,0
getreading,0
SinnFeinElectio,0
Uma_Kumaran,0
Wrexham_AFC,0
Evins,0
gov,0
DanusSkene,1
bbc5live,3
StephenNolan,0
brianmcgui,0
ConHomeHeres,0
suzy4harlow,1
RegistHERtoVote,0
HouseofCommons,28
EDWESTERNSNP,8
DanJarvis,0
TQHeraldExpress,1
suzy4harlows,0
bbchw,1
bbcwm,0
Wakeringvillage,0
MissleeCarlisle,0
LabourChestrfld,0
itvlondon,1
rory_palmer,0
charliedewhirst,0
snp,0
P_U_L_Views,0
dmcbfs,0
BBCnewsLondon,0
BBCDevon,0
adamboultonSKY,0
SkyNews,28
OwenSmithMP,0
BBCNews,36
MonmouthCA,5
Jackienborland,1
gregsmithsw6,0
victoriaB_F,0
TheBigTriangle,0
dale_mason1,0
SELabour,0
MKLabourParty,0
andrew4MK,1
thercn,1
goldenlionales,0
SimonHughes,0
SarahballSarah,0
OurPeoplesNHSScot,0
welshlabour,9
AlexanderBright,1
hopenothate,0
wirrallabour,0
LukePollard,1
SkyNewsBoulton,0
bbcwales,0
CaitlinBisknell,1
standardnews,6
BOSLabour,1
Essex_Echo,0
Bruce_Fummey,0
scotgp,0
morganmcmichael,0
HammersmithAcad,0
Azhar4Pendle,0
REStPauls,0
lovetheangel,0
cllrjennyoldham,0
ChauhanZahid,0
SolaceWomensAid,2
RashidNix,0
guinness_occupy,0
Ed_Milibands,0
FleeceOtley,0
DanHannanMEP,0
guto_davies,10
eddieizzard,0
riseuk,0
NRConservatives,0
DrLeeBracknell,0
greenergood_uk,0
ARobertsonSNP,16
LDAEngland,1
xanabe,0
StewartHosieSNP,14
julieetchitv,0
Steph_Peacock,0
LeanneWood,4
GlossopNorthEnd,0
KillieLabour,0
alstewitn,6
John_J_C_Moss,1
SkyNewsIt,0
shoeburyblogger,1
LeagueACS,1
richardstead,0
MusselburghRace,0
BessBrowningKM,1
JeaneF1,4
Edinwestern,4
SPP_macallister,0
KevinStewartMSP,6
Stubuscus,0
stuartbrown77,0
PeterMurrell,73
Election4castUKCON,0
BBCBreakfast,2
Gemmawilson31,0
Iainwith2ayes,0
DJMag,0
wilford4th,0
HannahDavid_HW,0
Mari_Williams,1
BarbaraACannon,0
naschofield,0
NASUWT,0
RogerWestwood,0
AnneFairweather,0
CarersTrust,6
moraysnp,0
CllrAlanClark,1
sjb_hull,0
MarkJHarris111,0
DelBoyd10,0
George_Osborne,0
MagiGibson,1
comeandjoinus45,0
CrannTarra,0
velivingston,0
libby_mcarthur,0
SharonHodgson_,1
cwowomenâ€?#Gr8News,0
CNDuk,0
ScottishCND,0
JYDenham,0
LouiseMensch,2
ConHome,0
matt_mahon,0
Dafydd_Wigley,0
labour52rose,1
HillheadKen,0
KayleighWaugh1,1
ThePaulVickers,0
jameskirkup,3
radioplymouth,0
JimForScotland,1
KaufmanLegal,0
Crim_sol_PH,0
antonyslumbers,0
guardian,21
toisich69,0
snpkirkcaldy,0
instagram,0
timjn1,0
farrochie,0
OStonestreet,1
hullkr_online,0
NeilHudgell,0
Lyno45,0
strathearnrose,8
aewingmsp,0
theSNP#GE15,0
Lisa_Smart,0
IBTimes,0
alzscot,0
9Millionwomen,0
paultskenny,0
donny_222,0
johnmcternan,0
bigandy68,0
DoddsJane,0
pete4stour,0
JoelTory,0
cardiffnorth15,0
willie_rennie,1
SNP_Thurso,0
RobMargrave,0
Robwhiteman1,0
CheltCons,0
CheltUKIP,0
garforthlions,0
rothwelllions,0
wetherbylion,0
raiphsays,0
lynnleishman,0
andyburnhammp,2
Priory_Centre,1
EXPTOUGH,0
IlfordNorthCLP,7
bbcfivelive,0
JamesFrith,0
IRobertsonSNP,2
patrickhall4mp,0
YoungLabourUK,0
wdjstraw,0
ukrespectparty,42
WillJMartindale,0
stephenkb,2
TheStaggers,1
Glosecho,2
davidellesmere,0
TelePolitics,13
RosaPrinceUK,0
weoleylabour,1
northdevon24,2
Harryslaststand,1
bbciplayer,3
_stephensweeney,1
UKPatchwork,9
EdmontonCLP,3
BBCr4today,15
abbyshepherd,0
BBCCambs,3
dottymcl,0
BBCNewsbeat,0
CG19700,0
UKTransInfos,0
ChesterfieldBC,0
joan_sturgeon,2
mikenesbittni,0
simon_brooke,0
neilelkes,1
vriyait,0
MatherSam,0
Amanda7Saunders,0
HansMulleur,0
Cllr_ABradley,0
RheinalltPuw,0
osianowen1,0
Observer_Owl,0
Turmaines,0
EofELabourhttp//tco/fviyIRu4Le,0
MSmithsonPB,7
lauraewaddell,0
NickRamsayAM,0
CardiffCF,0
hannahwitton,0
LewisParker1995,0
KennyImafidon,0
JazzaJohn,0
BiteTheBallot,2
Conservative,0
PaulStainton,0
EastMidsLabour,0
raysmithphoto,0
C4Gogglebox,0
susannecc,0
GavinMontana,0
sadiq_shabana,0
eldenecommunity,0
AnnetteMilsom,0
HFLabour,0
Turmaine,1
JohnMasonMSP,0
RochdaleOnline,0
pborogreyhounds,0
MGcomment,0
TwitterUK,0
turtle4360,1
jacktlad,0
PeoplesNHS,0
MaryBurstow,2
Steve_Rotheram,0
LpoolWaltonCLP,0
WavertreeCLP,0
Gwendathomas,0
DevonCC,0
dave43uk,0
PhillipS1961,0
sowsnett,0
Steve4Weoley,0
NicolaSturgeons,0
AvrilMcivor,0
snpclacks,1
Rinstead,0
Jennifergaunt11,0
GaryCairney,0
MissJBartlett,0
RealDMitchell,0
SunPoliticsWest,0
sun_pol_scot,0
jamiehepburn,0
MarkJSewards,0
weecmac,0
alededwardscym,0
_Normina_,1
FaeTroon,0
CateySmith,1
Amina_Lone,1
thoughtland,0
carolynleckie,2
johnprescott,5
uniofeastanglia,0
MKConservatives,0
f40campaign,0
RSNonline,0
ProgressOnline,0
VoteDrewHendry,9
StanwellSchool,0
PapiBurgundy,0
RebeccaBlake31,0
BBCNewsnight,0
wildlifeheals,0
andybell5news,2
BloombergTV,0
NickBolesMP,0
sailor_jerry,0
KirstyWark,0
RuthCadburyhttp//tco/k89ZX7JIQh,0
Shaw_Busi_Assoc,0
RuthCadbury,3
JoshFG,0
GMBCampaigns,0
paulscoins,0
bbc,0
Tickenhamgolf,0
daily_politics,11
TheVoiceNews,1
EofELabour,0
utcswindon,0
tamworthherald,0
BarnardosScot,0
AlanBrownSNPVote,0
pressassoc,12
DrBrianMay,0
bbcrb,3
BigBraLady,1
ValShawcross,0
CroydonLabour,0
garyheatherFJ,0
thefifer1314,0
colby_jackie,0
Hortini,0
BrighthelmURC,0
Yoshimi_999,0
LOVESE19,0
Common_Weal,0
ACCAWales,0
mycenaehouse,0
SDLPlive,0
RoyalMail,0
parcelforce,0
hartsholmeacad,0
carljarvis_eos,0
LucyRigby,0
McgoldrickJa,0
ElthamHill,0
sfha_hq,0
blindchildrenuk,0
shepwaydc,0
Lucy_Rigby,0
scouts,0
Georgiaellenh,0
KevinGillottPPC,0
leoniemathers,0
NicolleNdiweni,0
BexBailey6,0
TheGinjaNinja_,0
EveningGazette,5
untypicalboro,0
AttitudeMag,0
BenKellyMusic,0
_maggie5_,0
TrevorLunnLV,0
TheatrSoar,0
ojaymes,0
CllrKieranQuinn,0
LearnWithMCS,0
ninacyoung,1
AzminaSiddique,3
RosamundUrwin,0
CityAM,5
RichardAngell,5
timesredbox,0
cityplym,0
dhughe12,0
DandR_CLP,1
Manuel_TSSA,0
MaggieLennon1,0
cwpiper,0
iaindocherty,0
tkennedy_star,0
GallacherJoanne,0
TottenhamLabour,1
HaringeyLabour,0
JamieRoss7,1
BBCBerkshire,0
BBC3CR,0
BBCNottingham,0
BBCRadioStoke,0
JSHeappey,0
fstoneherald,0
TheNorthernEcho,0
ChristinaSNP,5
labour,0
BBCRealityCheck,5
PJPollockVet,0
libby_brooks,24
WebsterGroupUK,0
Wrexham,0
nickystone93,0
AmCritchard,0
BBCLeicester,0
ranh76,0
Autism,1
BertBremner,0
MarkSeddon1962,0
TheatreShop1,0
ClevedonTC,0
NorthSomersetC,0
ashingtonlad,0
NFUCymru,0
foecymrucydd,0
Bridges_Centre,0
WV11,0
MinaRahman1,1
MzLashmore,0
Vote_Labour,0
TrellechChurch,0
wiredfire,0
age_uk,2
CNBC,0
WilfredFrost,0
BBCRadio2,0
vmg456,1
winstanleycoll,0
TotnesUKIP,0
michaelchequer,0
bigbuzzard,0
PlymouthChaz,0
PJORourke,0
Kirsty_Williams,0
Catheri76509321,0
roryweal,0
matt_mann95,0
MytonSchool,0
siangwenfelin,3
ColinByiers,0
canonianblack,0
StJohnsPborough,0
LeightonAndrews,1
Caroline_Benn,0
vaughangething,3
SMcPartland2015,0
OliverHeald2015,0
kdugdalemsp,0
RoryBickerton,0
caslass,0
GabbyStribley,0
buspasselvis,0
BBCAnyQuestions,1
DiCreggie,1
VoGLabour,0
JohnThomasMadde,0
rableather,0
NiaCJohn,0
activeSNP,0
mhairi_macisaac,0
MCullen27,0
audreyneeson,0
OwenSmith4MP,2
BBCRadioWales,0
newsundayherald,0
KNLabour,0
hudghtonmepSNP,0
ThorWarlord,0
RadioGuyGlasgow,0
SNPStudents,13
AamerAnwar,3
GailRossSNP,0
DianeDocherty3,0
BBCSPLondon,0
bbcOne,0
Markfergusonuk,3
murdo_fraser,0
helston87,0
MumsnetTowers,0
AngrySalmond,2
TainYes,0
mhairi1921,2
Suzemclaughlin,0
HuffPostUKPol,5
MichaelDugher,2
williamjhague,0
MikeAmesbury,0
LouiseRidley,1
Justine_Roberts,0
annabeltall,0
stephenflynn88,0
chockeyboy,0
WindsScotland,0
BrianSpanner1,0
TSSLUFC,0
stuhirst,0
stephenphelps,0
PatricksPeople,0
GeeJayJon,0
observealot,0
ryestudioschools,0
RichardLochhead,2
EG_105,0
Historywoman,0
SNPOut,0
greendadtwit,0
melody_player,0
Labour_MH,1
muirtsmith,0
Culture_Agent,0
BRWombat,0
t4rtanpaint,0
HMSG_Senior,0
MonmouthSchool,0
mfaulding,0
lennyshallcross,0
FSB_Scotland,0
DurhamCT,0
CatrionaCowan,0
cglendinning95,3
Channel4News,8
gazjc1973,0
GlasgowSkeptics,0
WeTrustInSNP,0
gubath,0
porkyoldboy,0
RebeccaBlake3,0
MichaelPayneUK,0
LindaMillar11,0
YouthComplexCYC,0
DillonK_Msyp,0
BBCShropshire,0
PauloconnorMBE,0
KateStephenHLD,0
jrwallace54,0
NickWiltonNS,0
WaltonHighmk,0
MargaretGreenwoodWW,0
LivEchonews,12
BBCBristol,0
WelshLibDems,1
geoff20man,0
swindonadver,2
WyvernTheatre,0
CStephenssnp,0
ProactStadium,0
EMChamberNews,0
RealADGoldberg,0
Battlebus2015,0
HabsMonmouth,0
ng_labour,0
StrathUnion,0
MrGaryPaterson,0
RozaSalih,0
WHDigiSentinel,0
TheDaffodilInn,0
hhenderson47,0
PMCollege,0
harrybishop_,0
WMLabour,0
ONECampaign,0
ForumGreenwich,0
GADCIL,0
MarcusduSautoy,0
CraigBendoris,0
HeartEastAnglia,0
TomHarris4MP,0
HullUniLabour,0
ChickanosLtd,0
BBCLookNorth,2
fdarena,0
joertmclark,0
E_TLabour,0
iredalepolitics,1
looknorthBBC,1
mehdirhasan,0
IpsosMORI,2
cawalsh,0
whitehorsebrist,0
MrsPatches,0
dailytelegraphs,0
AllisterHeath,0
JustRadioLtd,0
YPlasCSU,0
cardiffstudents,0
olivercoppard,0
LabourStudents,2
Weegmanns,0
NFUPolitical,1
NFUtweets,0
bernypollock1,0
jj_mallon,0
ClaxCllr_IreneH,0
SNPEwoodYouth,14
sfosterld,0
johnhemming4mp,0
bbcquestiontime,15
DundeeSNP,11
sophwainwright,0
BWallace4WPN,0
nigelmp,0
oldhamlabour,2
DrAdrianHeald,1
brianbest73,0
SalBrinton,0
webackhewett,0
MustardTV,0
AUBSU,0
BBCWorldatOne,7
VoteConservative,0
NorthernPowerhouse,0
NFUStweets,0
lochteracts,0
Qasimk01,0
StuMcMillanSNP,4
ElinLlyr,3
MaryMacleod2015,2
AngieBray2015,0
CraigPaton,1
BBCDanDamon,0
DeansOfCardiff,0
Wales,0
Spencer_Drury,0
NorthSomsShow,0
GlasgowSouthSNPs,0
TheIanGilmour,0
NSomersetArts,0
AJasonWilliams,0
ethicalbristol,0
bristolgreen,0
WelshConserv-atives,0
JonathanEvansCN,0
spenl,0
jeremy40720759,0
NigelAsh1,0
NathanGMurray,0
SNP_Broxburn,2
SNPLivingston,0
ECFMScotland,0
PenarthLabour,0
AlisonHeap,0
ronnieo147,0
Markymalarkey,0
FloydMayweather,0
MannyPacquiao,0
SNP_TUG,0
nick_Cleggs,0
IWA_UKs,0
JPonpolitics,3
Conservatives-led,0
barking,0
MorleyNeil,0
amyjeffrey13,0
Celine_E_B,0
letouryorkshire,0
GeorgeIanScott1,0
matthewmorley7,0
EdMiliband,0
hughmacd08_hugh,0
bbcnickrobinson,0
CertusCC,0
RupertDarwall,0
JohnRentoul,3
janemerrick23,1
IndyOnSunday,0
GrangetownLAB,0
Shane4Stanford,0
Debcstewart,0
BBCNewsround,0
idollard,0
ENABLEScotland,0
Martainn_84,0
bruernish,0
MsAmberStevens,1
Chris_Matheson,0
Radiocardiff,0
CPA_UK,1
MattHancock2015,0
NeilUKIP,0
becciewatson,0
CarlHolding,0
ButetownLabour,0
alisapower,0
itv2,0
StreetRepairs,0
mrpotholeuk,0
RMisstear,0
Ballochmylelab,0
1059AcademyFM,0
javery_live,0
roydsschool,0
BogChicken,0
leothexplorer,0
TeleComment,6
SouthCambs,0
GApost16,0
LordMcConnell,7
VoteSmart2015,2
hampsteadlabour,0
SNPBishopbriggs,0
DavidGauke,0
titukarim,0
EalingLabour,1
BBCPM,0
Watsoninverness,0
SuffolkCoastal,0
waveneydc,0
CataloniaYes,0
periscope,0
roswynnejones,0
bonus_pastor,0
halsally,0
MrLeeRoberts,0
jcullinane86,0
AlysonLaird,0
CllrIanAngus,0
TomRailton1,0
KarenDanczuk,0
smiffy_73,0
emmamcnicholas,2
Shelter,7
LSEge2015,2
CrawshawPost16,1
samgrace,1
Aidan_Kerr1,1
SiDedman,5
delpaterson,6
Jon_Primett,3
Muqadaam,36
Harry_Boota,1
UttoxeterNews,1
sg_scotlabour,1
rethinkgambling,1
traquir,6
SarahMOGalla,22
jiabrahams,1
vanessa_opines,1
George_GOWYC,2
NCORNWALLCLP,2
PompeyGoat,1
philsmithmedia,1
DrNeilB,1
WatersSNP,5
Owen_Thompson,3
respect_youth,11
GGalloway4Bfd,4
StefanTymkewycz,6
OfficialS_Swash,1
glasgowcathcart,7
SophyRidgeSky,13
snpforthendrick,52
Ward1Warren,1
TrossachsSNP,2
DIANAATURNBULL,1
LeukaemiaCAREuk,1
kearneycath,1
GallusEffie,1
Blackman4Nicola,2
labourtransport,2
SNPGlasgowSouth,13
mauricecampbell,1
maximartin02,2
britainelects,10
AberdeenSNP,8
Mags2678,1
swingvoter2015,1
Philippa_SNP,4
BBCPolitics,65
RHBruceCrawford,10
AlanOlive1,2
RickyTaylorSNP,2
Jacqui_Smith1,2
claire_dumbill,3
loveleelaydee67,1
ianmcallansnp,9
PaulWheelhouse,1
cllrStu,8
SaintSwith,1
heh_meh,1
Fergoodness,1
StepRam,29
ShadHoshyar,1
JohnPJohnston67,4
CWilso57,2
Eunis_Jassemi,5
BatesLord,4
McAlpineGlen,1
ProvanSNP,24
county0_0,1
TheMurdochTimes,1
robm2,1
AndrewMcMorrin,1
ScotBraveHearts,2
GrayInGlasgow,10
EechieOchie,1
jill_mcalpine,30
TeresaC123,3
PapaMacGregor,2
CllrNana,1
heatheriqbal,1
EmmaPidding,3
beatbloodcancer,1
PLMRLtd,2
louisemartin25,2
JDGMills,1
GerryHassan,32
KevinJPringle,29
WestHamLabour,2
SimonGosden,1
fagpacketpoet,1
UKParlOutreach,5
JGForsyth,1
TeleWonderWomen,2
Charlotte_LGA,1
david_cowan,1
LukeSorbaLabour,2
SarahMBash,1
grsclack,3
ConorH96,1
PlymCoopParty,1
SNPdavid,4
inverclyderadio,1
ThomRawlinson,1
severincarrell,9
votesat16,2
iclare1,1
GGTTH_Andy,1
TheSunNewspaper,1
PeterKGeoghegan,4
tnewtondunn,4
MarkFoxNews,6
REWearmouth,1
unitedresponse,1
Mancman10,16
CllrAlanRebeiro,1
Sheffjournos,1
TeamGeorgeG,13
_Bill_Henderson,2
SimonGHayter,1
Bonn1eGreer,19
BradenDavy,4
MartinNeill1,3
EdwardHarkins,1
perayahmet,59
AodhanByrne,1
iainmartin1,1
KatieEwen123,1
Alexx_McArthur,7
WhatScotsThink,4
melanie_ward,2
LegKnowlScot,3
killingbritain,4
SJacksonMP,1
Outoftweet123,1
erikgeddes,12
MhairiHunter,10
HayteratLords,1
AssemSweidan,1
ToniGiugliano,3
stephendalfonso,1
IanLex2,1
Sam__F____,3
D_Blanchflower,3
ColchChronic,2
StuDonaldsonSNP,1
ProfMcGhee,1
PHGSSixthForm,1
RhubarbGrumble,2
GlasgowMott,2
RedbridgeLive,2
Cat_Headley,1
samidrummond,1
TelegraphNews,22
Hugodixon,1
SunPolitics,3
trapprain,1
sipeki,7
SkyNewsBreak,4
TaylorJamesScot,1
AvertaDisaster,1
davidfkeySNP,4
Elin_A_Roberts,36
TillicoultrySNP,1
Lawscot,1
Mandy4PPC_2015,3
RolandS13014285,1
Jude_KD,10
AlanSimpson01,1
wsjaeboo,8
JLindenSNP,2
SNPObanandLorn,2
KenGowansSNP,1
LabourLeft,4
DunfermlineSNP,2
SimonMarcus,1
22carrots,3
SayYesScotland,1
wearecfindia,1
kippertshirt,1
Doctorwhizz,15
tinastowell,2
markmcdsnp,3
Shefali_Davda,2
jojobeale,5
Sinethugcat,1
AlanClinch,2
Grazer10,1
Christia_Allard,1
grazzar09,1
PBSouthfield14,3
CPCA01268792992,4
MarieMacklin,2
markpack,3
Penbedw,5
RogerstoneLab,1
GordonAikman,1
JBeattieMirror,32
terrymfc,1
jacksonngUK,1
HuffPoLifestyle,1
HuddsLabour,2
Courtneyib94,3
DrAishaKGill,1
SCOTYES2015,1
C_KAndrews,2
DavidStockdale,1
jameschappers,6
antony4wakey,4
HazelGrove_Lab,2
Kirst_MacAlps,1
xMATTxLAWx,2
Craigmiller1986,5
FSBNottsDerbys,5
BillyHayes_CWU,1
carrieapples,28
CleckDan,1
VictoriaGroulef,1
StAustellBayCoC,1
ToryBusiness,2
FSBNorthLondon,1
realbritainros,2
sciencecampaign,12
WestDumfriesSNP,1
ICGtweets,1
amylame,2
CBTransport,1
TwittyODriscoll,1
LabourEoin,6
SeanGMorris,2
BBCJamesCook,17
WorthingLibDems,1
NataliaComms,2
Kevin_Maguire,2
BoBI_event,1
CfSocialScience,1
AngliaRuskinSU,1
timhuggan,1
patrickwintour,1
_xPC,1
AshMRae,1
YasKQ,2
andyneil_,2
darrenpjones,2
Lynne_Currie,6
UndercoverMutha,5
fbunational,3
jil_murphy,11
drmarielouise,1
shirleykay11,1
TarshaBarsha,1
SikhFedUK,3
StageDoorGuy,1
tinaseskis,2
irish_news,2
STVNews,7
NairnMcD,2
A_D_McLean,1
teamcaroline_1,39
BSGTeam,1
Society_Biology,2
EVAWhd,2
annesnelgrove,7
CraigBatemanUK,2
suekay87,2
AndrewSouthside,2
Michaeldoris,7
MichaelLCrick,3
CRUK_Policy,2
BBCMarkDenten,1
twickenhamclp,2
EastDumfriesSNP,1
AngusCarruthers,1
CllrTomHayes,1
pdjmail1,1
janewevans,7
LabourHistory,5
Justin_SCF,2
Rhuanedd,5
YesEastRen,1
shanedgj,1
AlmondEarn_SNP,1
DeHavilland,4
pamelathornton,3
SerenaCowdy,1
martinrankinLAB,4
GrimsbyTel,1
dllyr01,1
ShaunDun,1
MrsCJeffrey,2
AngusCMillar,1
NickJohnW,1
L_Hamilton89,2
8ry0ny,2
iainjwatson,7
martinmcgann83,5
anum_qaisar,1
Handibode,1
PCSootmob,1
captain_clegg_1,1
Pammy315,1
snigskitchen,1
NjokiMsays,1
IanPattison86,1
CYBERSCOT,1
HighlandYes2014,2
armstrongdenby,2
CharlesTannock,1
bonawebird,1
KateMac1989,2
DrewSm1th,3
LadyDurrant,2
sahmraw,1
davidroberts,1
njs_ecosse,2
DunoonBranchSNP,2
AlexDMitchell,2
jhalcrojohnston,1
Sharonavraham,1
mariamkhan29,1
cammygray_,1
RCorbettMEP,4
moridura,2
CllrNinaKillen,3
DaleAThomson,1
labourpress,21
PSbook,1
CSbungo,1
stayingput2001,1
MCW_1988,1
BNelaineoflynn,1
Radgecase,1
AndyMurrayScott,2
NewportCouncil,1
Caroline_YMAS,1
AlbertoNardelli,7
yeswecanwales,4
EWAS3,1
TimLamden,1
Graham_Dickson,1
ampp3d,1
MuhammedRaza786,8
Cath_MacKinnon,8
DavidLinden,9
montie,9
UddBellsSnp,1
MurtazaGeoNews,1
ReutersLobby,3
cathedralsdavid,1
Reido80,1
cumbriamk,1
BGTrust,1
DaWNLabour,1
jrmaidment,2
CAMRA_Official,2
martinepeacock,1
Sarahimagefit,1
OldJohnnyYen,1
NorthWestUNISON,1
KlaraChelt,1
sunpoliticsmids,4
SimonPhillipsUK,1
dinahkeal,2
ElGrouty,1
lammyformayor,2
tamsinmelville,1
roathcardiff,1
DafyddTrystan,3
thekarltonindex,1
InstEcolEnvMan,1
GetInvolved2015,2
OldmoatLibDem,2
johnnymercer81,2
SathanSathy,1
meggitt20,1
JohannaBaxter,2
petere72,1
dholmesTandA,1
HelensburghSNP,3
TreeNicola,8
ChorleyTories,1
danielrhamilton,3
CanonburyLabour,1
EnfieldNorthCLP,1
GavNewlandsSNP,3
Edinburgh_CC,1
Louisjsgill,1
rebeccacmyers,1
mattsmithetc,2
GlasgowCC,2
paulkclews,3
LauraMcWinty,3
playboard_,1
cjharris85,2
BeckyLees20,1
StanJames45,1
davieclegg,1
MamaGlasgow,1
BBCBreaking,11
james_wby_,1
DavidLivey,2
abelardinelli,6
georgeeaton,2
S_A_Somerville,5
penguinos99,3
GarethLlewe,2
Barkingside21,5
davidjbell,1
IndyForTheGuy,1
harissaboy,1
SCrabb2015,1
bhameastside,1
LindaFabianiSNP,2
An_Phoblacht,6
HayleyMortimer,1
_rachalia_,3
RevoltonRight,1
Shansview,1
Unitepolitics,4
carolJhedges,2
PARRY1956,1
scotfree22,1
reelectjulian,3
blairmcdougall,6
Election20I5,1
Glenmulholland,1
Tamstered,1
jakimccarthy,1
BillNorAngus,1
LeeDavidSanders,9
Shaminakhtar,1
WithingtonCLP,1
igolden5,4
Jawapu,1
MelGladwin,1
LozApple,1
MattAbbottPoet,1
RozieBreen,1
AFirmOfPoets,1
TSOTArts,1
labour_larkhall,1
Better4Crawley,1
RonaldMcCallum1,1
martin_oneill,1
politicshome,8
ElliotBidgood,1
DrPaulMiddleton,3
theimposter1979,1
collette_mca,3
68xsarahx68,1
littlelea,1
colinrhardy,1
Shettleston_Lab,1
Miss_Wilsey,1
creativeengland,1
Maxwellsnp,9
Siddo_D,10
Greyhound_gal,2
NewsLine247,7
The_Merry_Baker,1
drmarkjardine,1
Coordinated73,1
JRTomlinAuthor,1
CllrPaul4Cowick,1
adhill21,2
NikkiCoates,1
TheCharltonSoc,2
FSBWessex,1
heraldscotland,1
noah_sin,1
CllrMaxineSmith,1
PeterMannionMP,1
MartinMcD1980,1
StatgeekUK,2
stewartbremner,4
StaffsWomensAid,1
FernsSue,1
LabInSpiRed,1
ComediansForYes,2
RosannaEastman,1
britishfuture,4
YoungMindsCEO,1
DonFosterMP,1
WildRoosterUK,1
Robert_J_M_T,1
GdnPolitics,16
JennieUnite,5
UxbridgeGazette,1
GetWestLondon,3
AmandaRamsay,2
AJBThomson,1
Ferm_Herald,1
AW_OBrien,1
Beth4Pontefract,2
Underground_RT,2
JonBenjamin19,1
ScottishSun,3
VarsityUK,1
IslingtonPRS,1
paulmacandjanie,1
DerekScott1984,11
nushkino,3
AldersgateGrp,1
leftfutures,3
Itchie139,1
rosscolquhoun,21
glasterlaw1,1
FSBnortheast,2
YourElection15,1
PhilScott15,1
RobGladwinPM,1
cllrstevewilson,2
benjastley,1
CroydonGuardian,1
SighthillGorgie,1
GeneralBoles,2
DaveHow4rd,1
Temidor,2
OpinionYP,2
Kazi_UK,1
Chorlton_Victor,1
Hud_SCLS,1
scottishrep16,1
miladysa,2
Warrington_Lab,1
beardandbible,1
RagsMartel,1
CharltonCSE7,2
SpiritofIndy,1
PickardJE,1
BethRigby,2
EllisHPS,1
MancTories,1
rgdavies,3
1davidwsmith,1
KSIMCMK,1
LeeMartin4947,8
KamRai7,3
lauraburnip,4
PhoebeParke,1
legalaware,1
costofcameron,10
sfajanathomas,1
MonicaDudley,1
eljmayes,1
DaveHill,3
19smp59,1
MartinSLewis,1
ho_ho77,4
newsthump,1
BBCWalesNews,4
JHallHDI,2
pgeraghty,1
MeltonBlue,3
Cllr_McEleny,1
cvatameside,3
BurtonDChamber,1
AnujaPrashar,1
unitetheunion,5
CHC_Rowley,1
CommonsTrans,1
DerecThompson,1
CUSUonline,1
cambridgemasjid,1
FinnSpirit,1
GedlingBC,1
martinwhelton,1
guardian_clark,1
HelenRhianwen,8
SWGuardian,2
OT_rach,2
LincsEcho,1
eefnews,2
ehwebsite,2
ScienceIsVital,1
AodhanHamill_SF,1
HeartDevonNews,1
Roy_Castle_Lung,1
TheresaMEP,3
joymacn52_joy,1
mattkelcher,1
letuckshop,3
JFinchSaunders,1
LizSavagelabour,1
thistoomustpass,7
Badger_Friendly,1
greengranma,2
SeanLlanelli,2
FbuCumbrians,1
DianeforLondon,1
Avon_SafetyRep,1
darloforculture,1
mmmstroud,1
CathcartSNP,1
se16,1
Sally_Keeble,2
vazsingh,2
Wythenshawerep,1
KflanaganKevin,1
saffron_dickson,1
Mawneyslabour,1
imy2323,1
nattydoll25,2
KennyFarq,2
AmnestyScotland,2
She_wee_me,2
allen_norma,1
C9J,2
JohnRonaldHassa,1
tscholesfogg,1
benedictpringle,2
JenDempsie,3
kilian_bourke,1
katielfrank,2
JohnLeggottColl,1
GraemeSneddon1,1
IR_1008,6
BournvilleLab,2
ianamccord,1
ZachF4,1
LeaguePolitical,1
stuieboy2000,3
mcnallyfoto,3
slightlyscrewed,1
Mr_Slater,1
RiaDRobertson,9
mjpb5,1
dancrawford85,3
Meliden,3
terencecallacha,1
ideas4thefuture,1
jomccarron,1
EK_SNP,2
sarahgibblondon,4
RebeccaKeating,2
DrJulieSmith1,1
Dougofdarkwater,1
CambridgeNewsUK,2
abenaopp,1
LoudounSNP,1
strathalmondsnp,1
AshleyB0203,1
guardiannews,2
morganhornx,2
TheSundayMirror,1
FionaMcLeodMSP,3
DonValleyCLP,1
Ronandbarlow,1
StevenSaxby,1
ckcmusic,1
rmlabour,1
EarthyAndroid,2
laurenpk,1
Josh_Rendall1,1
DavidCWild,1
MHoCLibDems,1
Andrew_ComRes,3
ibounds73,1
CardiffCentLAB,1
jenthornton01,1
StephenCMalloy,1
davidbloxham74,1
redbridgelabour,2
JackCapron,1
SimonBird_,1
MattStutely,2
benrileysmith,4
Vandacolombo,2
trotterjwd,1
Tinglepolitics,2
CCHQPress,59
se1,5
suttonnick,13
DisabilityLab,1
skyelections,2
cityoflondon,1
csjthinktank,2
HuffPostUK,6
AnnaMcCaul21,1
osianlewis,3
AnneDuffield1,1
SITP_NCL,1
FSBManchester,1
Steven_Swinford,3
SNPLargs,7
SuziePerkins,3
LabourDave93,1
paulswaddle,1
ChesterSU,1
Anothergreen,1
NCPoliticsUK,5
GeorgeFoulkes,1
karlbraidwood,1
HeartScotNews,1
LePolitics,1
BBCLondonNews,1
danwjonson,1
BuzzFeedUKPol,2
ToryTreasury,1
ClivePoole,1
CarrieAHarper,2
FrackFreeWales,1
HayleyG26,2
barneystevenson,1
AaronAFarrell,1
HornbyJack,2
MichaelEdney,1
bigissuenorth,2
ChrisGibsonNews,3
WelshConserv,17
WalesOnline,8
kilmacolm1,1
Jamie_m_young,2
garethmdaviesuk,1
CllrPreetGill,2
yourharlow,2
iankatz1000,3
ivorcaplin,1
fsb_eos,1
dis_politics,1
GoPepy,1
UndebPlaidCymru,10
OurVoiceOurHOPE,1
Martin_Pollard,5
FullFact,3
huwptddavies,1
dessiemc34,1
akmaciver,2
allianceparty,16
teamdonelan,1
Alasdair91,6
maplerockdesign,1
WMNNews,1
David_Lofts,1
vademesta,1
theLewisbell,1
JonnyDymond,1
BillWilliams01,4
tom_rye,1
StonewallScot,1
prosperoproject,2
Cmacf76,1
pulsetoday,2
pilaraymara,1
thynno9,1
pinkfemi,1
ggg_gayatri,2
NFUEastAnglia,1
IwanGethin31,1
g38pd,2
ComResPolls,2
ToryRenewal,2
BrentLabour,3
carltonreid,1
jonathanfryer,2
JakeBear97,2
angus_young61,4
FSBSWS,5
ChrisMasonBBC,2
jamswilliams85,1
MullSNP,1
stephenpglenn,4
JoeMurphyLondon,1
ITVtynetees,2
OCWCampaign,2
Robbo_Iain,1
uartlach,2
ChristianGuy_,1
rodneyedwards,14
Holly_PJ,1
MountviewLDN,1
LeftUnityUK,1
jennytree1990,1
annagavurin,1
gnomeinacage,1
patrickmoule,2
Twiz007,1
mikecartmel,1
jordxn_,1
lynsey35,3
UKELECTIONS2015,4
Colin_Evison,1
mikeghedges,1
carldinnen,8
Helen__Kennedy,1
mumphtoons,1
ChrisBryant4MP,1
peterdominiczak,5
TheRedRag,2
vincentmoss,12
LordRoyKennedy,2
moderaterightuk,1
WiltspoliceTB,1
TeleFinance,1
themedicaldon,1
Ioanbellin,4
toadmeister,7
PlymouthCons,3
Feorlean,1
stueymckenzie,1
andrewpolitics,1
Matthew_Whitty,1
oakpolesworth,1
labourassembly,1
TheBMA,1
VibhutiJPatel,1
Juvelad,1
electoralreform,3
fergusonkeith,1
nicholascecil,1
BradfordUniSU,2
thelincolnite,6
karleastham,1
New_Listener,1
Joe_Dromey,1
EleanorRehahn,1
JoeyJTaylor,1
itvcalendar,1
Plaid_Gwynedd,1
JoeWatts_,3
officialikbbi,1
Tom_Waterhouse,1
wokinghamlibdem,1
Mama_Judes,1
lettings247,1
jsmcardle,1
RossLydall,1
hibasaleem,1
fraserburghsnp,3
milnemedia,2
ashford_place,1
samjoshwilliams,1
Kelley_Ireland,3
Parkinson2015,1
TimJBlackman,1
barrydistrict,1
christopherhope,7
newsdirect,2
KamaljeetJandu,1
FraserGalloway1,1
JaneEllison,1
HearstWomen,1
lindamcgr,3
catoverton_99,3
westnorwoodnews,1
GeorgeDMoseley,2
OmarSalem,1
Gulaid1,1
Stephenson_Ryan,3
paulholleran1,1
AdnaanAwan,3
Herald_Editor,4
faisalislam,11
DJSkelton,3
MairiMcAllan,2
Lab3seats,2
RobbieGibb,1
thehoff102,1
FecklessCodpeas,1
AdamAmerica24,1
ArifBBC,1
CovLibDems,2
MuslimVote,1
muheedjeeran,1
Myles93,1
kohnadeh,2
onekindtweet,1
SelaineSaxby,1
twickerati,1
ElectoralCommUK,30
McAllister_Jon,1
Holgate69,1
birminghammail,1
BatleyLabour,1
TheWeeYin96,1
AndrewParrish7,1
BBCDouglasF,4
CahalBurke,1
alexandracoyle,1
mike2sausages,1
roastur,1
HarwichStandard,1
Record_Politics,3
robmcd85,2
Caledonia_1,1
HyndburnLabour,5
JamieJBartlett,3
killhopelaw,1
cjpearson82,1
MShapland,1
Alancumming,3
chrismwoods,1
ashmcgregor,2
markastrong2,1
jamieszymko,4
MHPC,1
CymrAussie,1
CornesLawNZUK,1
Jeremy_Miles,2
HollyLuckman,1
sunny_hundal,1
Aaronplem,1
HSJEditor,1
RetroScot,1
eliz_lloyd,1
YahooNewsUK,1
timothy_stanley,4
mrsgeldof,1
deeqawil03,1
velocitygain,1
alextomo,1
MartynMcL,2
natachakennedy,3
justina_mk,2
davidpotter69,1
WolffiaB,1
tonyleach,1
Helena_Doughty,1
PositiveTrinFan,1
NeilDunsire,1
iamths1973,1
TrabiMechanic,1
davidbartlett1,4
Joanne13Harding,1
geoffnelder,1
caitlin_sc,1
DialMforMurdo,1
andrejpwalker,5
kayaburgess,1
KingOfTwickers,2
ChrisMPaton,1
HfdsCouncil,1
GillTroughton,1
TGrandjouan,1
sandylay,3
rdslight,1
sowadally,1
GreenBeltRev,1
Michael_Heaver,2
Valeoftony,1
rcox_star,4
Jon_Torbitt,1
Clemmie_1,6
Pat_167,1
PWMartin_Leith,1
DrScottThinks,1
eamonnfitzy,1
alyciahayes,7
AlanRoden,4
LabourUnited,3
RussellRElliott,2
mathewmichaux,1
CMochan,1
LDNYoungLabour,1
scottcarle,1
IanBell1916,4
DavidPrescott,11
ElaineMaySmith,2
MrJamesHendry,1
SL1_TV,1
MagsNews,11
iainmacwhirter,18
MartinHoyle0121,1
Delpieri,2
TheBayOfficial,1
Danielapeifion,2
celia56,1
Ruth_R_Davis,3
Storm_Warner,1
RobertJSomynne,1
DyfedWyn,2
AdamBienkov,2
BBCPeterHunt,7
SkociaWebDesign,2
IankKearns,1
anshulsahib,1
NGH1875,1
lisatheitgirl,2
marieSNP,1
IlfordRecorder,1
ZahiraHassan,2
lynettewilson11,1
CabbiesforYes,3
phil_sidney,1
laurakyrkesmith,2
theodoraclarke,1
LeaskyHT,2
churchpoverty,1
RegencyLabour,1
josephwillits,1
jacqyerbody,1
fawcettsociety,4
89Hannah89,1
WheresGeorge9,1
Camz99,1
women4erdington,1
jules_birch,1
Harinder__Singh,1
CllrJohnFox,2
natalieben,1
ChesterLibDems,1
LabourTim,2
BrechinSNP,1
southsidehap,1
dmacl1983,1
votetory15,2
LeeCatterall1,1
YsabelleStewart,1
HeadUKCivServ,2
CllrJSimpson,6
IanBlackfordSNP,1
GuidoFawkes,1
SidSockhead,1
ChibahKatherine,1
RichardPalmer58,1
timothynixon,1
CliveMUKIP,2
phil1103,1
PaulBrandITV,3
LawrenceS8,4
JamesAsser,1
LKBlumenthal,1
PAShanky,1
Election_UK,2
PlaidDC_CS,1
2whit2whoo,1
Liam_ascough,1
mrpaulaitken,5
JanetWilliams99,2
BrackleyTories,2
mark_g_hoban,2
JimDicksLambeth,2
willscobie,1
lindajlawrie,1
richardhowitt,11
AlMitchell89,1
LibDemPress,2
Mike_Coops,2
YesVoteScots,1
ITVTonight,2
HACAN1,1
FoysolChoudhury,1
lukeblackheath,2
MustardTVlabourlewis,1
Jack_Mc_Cann,1
DavidJames901,1
Niamhms23,1
DCBMEP,1
CamberwellJane,1
SNPGlaNW,4
Scouriebeast,1
endless_psych,2
micklesb,1
murieltheharp,1
HeleddSian,1
Sioned_W,1
KenSHouston,1
WelshLabPress,4
Cerithg,2
CaptainJimDandy,1
NHSConfed_Press,1
indycyclist,2
cameronpenny,1
ruthmosalski,1
chrisshipitv,3
nigelsanthony,2
F4JOfficial,1
SkyBrex,1
JonValeCN,3
FifiKara,1
SelbyTrust,2
Batley_News,1
CAupdates,1
LabourCND,1
robindbrant,1
prospect_uk,2
Farming4Yes,2
BBCtrending,1
PottyParty,1
Tog4Policy,1
SNP_ForScotland,2
teapot12001,1
RossDeans,1
SeenLight,1
StephenTowns10,1
jrussell46,1
RLA_News,1
UrbanEchoNews,1
sundersays,1
niknoks1980,1
ConsFutureScot,1
cricketer400no,1
JimmieB90,1
BBCSurrey,1
BBCSussex,1
VoteDavidJones,3
lyndseyc91,1
nickperrylibdem,1
CountrysideMatt,1
jccnorthlondon,1
TonyJonesLab,1
alexgallagher2,1
JOShUAkANE666,1
IndyPolitics,15
kevinmckeever,1
wainwright_star,2
broad__sword,1
Odbe34,1
InspGadgetBlogs,1
Rubicante,1
WareOldridge,1
mosabbir,15
KatieCurtis,4
campaigner,1
Redpeter99,2
mairrowlands,1
MaryRiddell,2
JewishChron,1
andrewgregory,6
saheaton,1
jrf_uk,3
Lyd_Carolina,1
The_IoD,1
MartinShovel,2
hospiceukPA,1
NataliaKerr,3
thei100,3
susydoll1206,2
NEChamber,1
PJWestlake,1
AConstanceMSP,1
FergusEwingMSP,3
Charles_HRH,1
CllrEvans,1
SheffieldStar,1
Gingerbread,1
PescisPen,1
TonyHomewood,1
BritAsiaTV,1
jbnlive,1
SWEveningPost,1
AlanArchibald51,1
ChrisOsborne01,1
asda,1
Rosie_p0sie,2
Debbie_Baird,1
fithepans,1
KirkySNP,1
stefanstern,2
MelanieCarmen_,1
scotlibdems,11
GraceBrodie,1
LGrahamOSP2015,1
paul1kirby,1
ianjamesparsley,1
RadioClydeNews,1
AdamAllnutt,1
myworcester,3
chrismurraylaw,1
DudleyNews1,1
WOWpetition,5
dats,1
Pablo_1994,1
StJohnsHoxton,1
EdziaNCM,1
AdamMcGibbon,2
benglaze,2
BBCNorthampton,2
C_Pgl,3
paulhutcheon,1
SteveMorphew,1
TheEconomist,2
NJav,2
ThatMichaelW,1
panelbase,1
SuttonCouncil,1
LibDemInternat,1
ShappiKhorsandi,1
Women2Win,1
nonbinaryscot,1
JoanneDouglas0,1
MinsuR,1
matt_dathan,1
Laurie1984,1
ChrisRandWrites,1
IainMcNicol,2
guldill,1
ScotIndyDebate,3
Garry_Quigley,1
WSGazette,1
LJ_Skipper,2
CllrSteveEllis,1
bellacaledonia,1
FSBwestyorks,2
saraygeorge,1
Al_Dal,1
RogueCoder250,2
jonniilink,1
Hasselschmuck,1
AgriChatUK,1
RobbieDinwoodie,4
DannyHackett,2
CllrAmandaOL2,1
ColinMcKinlay,1
Furqan_Naeem,7
DebsUnderdown,1
_cmatheson,5
forwardnotback,1
lizzjones18,1
Tory_Headlines,5
IanM65,1
BewdleyMusic,1
RosieDuffield1,1
DerKennedySinnF,1
polsters,1
derekvaughan,1
NickyAACampbell,1
realcolinquinn,1
thedancingflea,1
pensionstully,1
gorgenis,2
JordanHennessy4,1
DawnMarsdenOC,2
ollie_dee,1
TCCWales,5
workingforwales,11
secretspartacus,1
golledge_star,1
sarahodonnell1,1
StirlingCitySNP,4
PeterMF_MADE,1
albitallman,1
Time1075_FM,1
MorleyOb,2
Fionasstalker,1
CouncillorDKirk,1
holyroodmandy,2
JackHopkins_Lab,1
spectator,1
yoginigreen,1
DavidPBMaddox,2
davidtorrance,2
LichMercury,1
eastsnpladies,3
arandhillonWG,2
simon_tweeting,1
iancriminology,1
MuslimCouncil,1
hornseychurch,1
centrewhatsleft,2
rodgers_fred,1
Sanjkhet1984,1
ELCouncil,2
EnBeeTee,1
BpoolCouncil,1
CllrHelenaCroft,1
sigmaplcuk,1
dhothersall,8
ResFortnight,1
Jefforbited,2
PudseyLabour,2
veganoption,1
JamesGray4MP,3
BrianDuffyPhoto,3
QariAsim,1
jonblackbsb,2
JoeyMillington,1
rebecca_moore_,1
Rakhiaismail,1
EvaEdinburgh,1
soult,1
StGeorgesCEBarb,2
SouthsideSNP,8
CllrHDeynem,1
TigerTaggart,2
JamesMelville,2
hlburden,2
labourenergy,1
rjdio1974,1
BBCWiltshire,3
mattgoddin,1
Shiny02,1
bbcmtd,2
evil_del,1
IslingtonBC,1
garethaethwy,1
siliconglen,3
DomBres,1
MaternityAction,4
aral,1
martinedobor,1
MediaWatchLFF,7
ObvzItsAndrew,1
Rachel_Blair_,1
TheAndrewF,1
carlfbeech,1
Simon4Boro,1
ibrahim_Dogus,1
JustinKaneC,1
annapannalondon,2
CabinetRoom101,1
AdlingtonLab,1
LiviCentralSNP,1
mr_DavidMoore,1
Indy_queen67,2
SpiritofJD,1
sohalv_retep,1
j13rdc,5
_freyalewis,1
EdDaunt,5
RyanSuttonPhoto,1
G_LAM_S,1
TheEIFoundation,1
MarkerJParker,4
FionaHyslop,1
NickBent,1
Tabbycatsmum73,2
GuzenTuna,1
wandlconservs,2
Charlielums97,2
jonburkeUK,2
_Liam_Walker_,1
leighcanham,1
wordsindust,1
syedahammad,2
ChrisChapman86,3
Oldmanmackie,1
nufab4,2
ronbuch,1
alistairbuster,1
MajorMcBloodnok,1
AlasdairStephen,1
Oris_Ikomi,1
trussliz,1
ndls61,1
daibog,1
AtheneDonald,3
HackneyLawCentr,1
court_govern,1
default_egg,1
AlexForsythBBC,1
MichaelSitu,1
Scotsfox,1
a_cuthbert,1
ianwwsmith,1
PaulaJaneB,1
stpeterschurch3,1
ElinWeston,4
whipuk,2
elrick1,1
mordey,1
andylong,1
AndyPRG,2
scott993,1
imajsaclaimant,1
CharlotteChung_,4
joycemcm,2
JoanneCecil,1
NaomiAvery_,1
StewartWood,1
MrFurby,2
CeredigionCC,1
BRabbetts,1
bassmadman,1
ross_minton,3
AlisonDickie19,5
DJack_Journo,3
ChrisMcElenySNP,1
FergusonMr1,1
StayRC,1
gaitoms,1
VolcanoJenni,2
CitizensAdvice,5
Jasmine_Ali,1
lynrachjames,1
LiberalYouth,4
indep_lives,1
carmenfishwick,1
Simon_at_Boing,1
JenWilliamsMEN,2
MathesonMichael,1
AnnNisbet,1
swimmersmummy,1
BathUniCF,1
VickiYoung01,4
VictoriaLIVE,3
colspn,1
Douglas4Paisley,1
richards_bd,1
DailyPostRachel,1
journowillmata,1
STVClaireMc,1
SNPStrathallan,1
benkind,2
BBCEleanorG,3
BritSciAssoc,2
cllrmarkdobson,1
Joe__Boyle,1
caronmlindsay,2
cristiadriana,1
stvclaire,2
stonewalluk,4
TheKingsFund,1
leo_boe,1
ianjamesjohnson,1
thomaskgardiner,1
FT,11
ChristineElmer,2
brandon_lakin,1
HanniSiddle,1
joe_thomas18,3
TjinderSingh,1
Glasgow_Now,1
PrincessHaj,1
BBCScot2015,1
BizforScotland,2
MartinParlett,1
MENnewsdesk,1
ScotlandTonight,3
Steviebsnp,1
Enfield_Indy,1
aukbrown,5
tomedwardsWN,5
cheltandy,1
EdinReporter,1
TheJadedQueen,1
Giskarduk,1
UoNSU,1
HaggisScoticus,1
Natasha_Joy,1
slowandquiet,1
WeAreBrightBlue,2
NosworthyR,1
MMackenzie74,1
mflah,1
OurGenScot,1
mrsg2015,2
HarriettBaldwin,2
ecoeurope,1
DanSandersonHT,2
DavidWooding,2
NottsPolitics,1
SofiaPatel100,1
macmillanPA,2
Mac_Campaigns,3
DeAthCardiff,5
nucleusarts,1
RichardKThomas,2
LeedsTories,1
SCGEQT,1
commonwealgs,2
SarahVSpence,1
ShitChester,1
Independent_SCO,1
cargopublishing,1
behere_now,1
Gateway2TheWest,1
jb_bhatt,1
tibetsociety,3
_mattbaker,1
gemz1982,1
HammersmithBID,1
LiberalMorgan,2
KumonDroitwich,1
TorySwindon,1
BBCIainMac,1
AthColeHerald,2
PreeceHerald,1
WalesYearbook,5
jamesdoleman,2
NCSUofficial,1
ZSchneeweiss,1
IanAxton,1
MarkDiStef,1
ChrisTMarsden,1
msgracefh,1
M_Williams07,1
Swazi_in_London,1
handsoffdean,2
donna_redding,1
clry2,1
WillTemple,1
SunderlandUK,3
MankamalSingh,2
SarahAnnGreen64,1
francisclarke,1
NWarksHour,1
mabonapgwynfor,1
MetLines,1
TheJournalNews,3
AdyKerry,6
LisaBohlin,1
bailey77,1
naomjibubbles,1
claire_tigher,1
Lisa_AnnW,1
FreeThinker2040,3
DeanCloseSchool,1
loftyimp,1
sam_rippon,1
jrwarner_,1
courier_dundee,1
ReddishLabour,2
neilgrees,1
markfreidy,1
Baumflough,2
Alorenzen,1
RadioHumberside,1
silverscotland,1
RegenSW,1
HedonBlog,1
SNP_Perth_RT,3
aislingrosennis,1
CND_PeaceMidSom,1
StirlingCouncil,1
Stephen83442562,1
CllrJamesHalden,1
NicolaBurdett,1
GABaines,1
wilford2015,2
LGBTLabour,1
Casumptious,2
Graeme__McGuire,1
shookyshiner,1
startupstowers,1
UTC_Cambridge,1
hurleyben,1
Sneekyboy,1
AzmatWelfare,2
IanGrant_edwest,2
eileentso,1
huddersfieldSU,1
IMeche_Eastern,4
meljomur,1
stausfi,1
MoneBros,1
patersonHT,1
SimonCycling,1
Readalot6,1
onelovebrekky,4
BickertonSophie,1
GurnNurn,1
EasternEye,1
robinHEG,1
Morag_Allard,1
CllrTommyCooney,1
shiraz_peer,1
SkySUBC,2
jamesak47,2
CawfeeBean,1
GrantCu7,1
legal_beagle1,1
allerdale,1
LBHF,2
anthonybmasters,4
RobChambers1991,1
DpcArmstrong,1
fest4westham,1
EalingYoungLab,1
nusuk,5
FSB_L_N_R,1
AypGroup,1
WIP_live,1
gavinwhite76,1
bbcmerseyside,1
markdiffley1,1
ardrossanherald,2
FlyNavyPhil,1
BathChron,1
SimonHastelow,1
PressBench,1
natalie_coupar,1
tamlangley,1
JaybeeCurtis,1
lizmcshane,2
BarrosCurtis,1
MsNomerPresents,2
OSH_SCH,2
vloaiza,1
TelfordTories,1
planet_rita,4
stir_president,1
HeadwayWorcs,1
BrendaPollack,1
EPPioneer,1
lifeisexpected,1
ecburditt,1
shrekpar,1
Harsimrat__Kaur,1
TWDCA1,1
antongyan,1
BCCare,1
AmyJess85,1
theshooglypeg,1
CorshamTV,2
TamilGuardian,1
labeldesalis,2
carljackmiller,1
SebDance,1
emilyrowles,1
Doodlefi,1
Shaneonair,1
GlennPage_,2
DanielHewittITV,1
burnleycouncil,1
scottreid1980,1
PeterTatchell,2
SluggerOToole,1
tom4camberwell,1
GaryPeskett,1
umarjourno,1
ClaudeMoraesMEP,2
Vaughan_Wms,2
MatthewRDavis85,1
Paul_Haydon,4
ElectionsEtc,1
Kelly020479,1
jonwalker121,2
Irpicus,3
FSBEssex,4
jamesmb,1
Togian,4
Parikiaki,3
camyounglabour,14
RealNessie,1
IAmBirmingham,2
HamptonSchool,1
SkyNewsEditor,2
ipasho,1
AvonFBU,3
leedslibyouth,2
RoyalDerngate,1
harristeer,1
simonfield77,1
DonnaLumsden,2
Labour4Animals,13
AlunR_Thomas,1
antonydnelson,1
JackCEsq,3
Kay_Polley,1
Om3zii,1
S_YouniS81,1
JonathanShkurko,1
BabingtonCentre,1
CoullRobbie,3
GMacdonaldMSP,3
DanLThorpe,4
Survation,1
TheShaw2009,1
JacobBirch6,2
killie18691,4
devlinjim,1
glenoglaza1,1
owen_g,1
MayJoSimpson,2
EmmaWarman,1
TheRightArticle,1
OpBlackVote,1
claycon,1
madmulljag,1
CampbellDonny,1
Romsey_Squib,1
MMaryMcKenna,2
alexaitch,1
KJLavery90,1
SeamusConwell,1
WilliamPowellAM,2
CathLane1,1
STEPStirling,1
adrsmart,1
STEPCEO,1
Mary4Wakefield,3
GrowthBusiness,1
GMillerTN23,1
LegatumInst,2
BuskingWomble,1
Energydesk,1
newarkcf,1
suppinmindscot,1
davidcornock,1
Baronessjenkin,7
BillDunblane,1
PaulMaynardBNC,1
chungodaw,1
cameronettes,1
juliegirling,1
Plaid_Llambed,1
WoodleyTories,1
wyliecatherine,1
RhodaMacdonald,1
PoliticsPostsUK,1
benwrightjourno,1
puntofisso,4
stevenatilley,1
TomWRoss,1
1giantleap,1
Davefevs,1
Labour4Totnes,1
CwrwLlyn,1
FIFCLtd,4
JulieFordx,2
TheaDickinson,1
WorldofDinah,2
jon_swindon,2
jocoles1,1
_davidam19,1
SmudgeThomas,1
Dorothy_Aidulis,2
RSaltLeeds,1
mariablavery,1
mjlongstaffe,1
GarethJAnderson,1
HadzAli,1
DavidRobson84,1
smacnaughtan,1
MartynExpress,1
SRayner11,1
ArmonGwilym,1
WorgInfo,1
gregorpoynton,2
gary_rae,1
RHeydecker,4
charlster1,1
cymro29,1
annerdouble,2
FrankPodmore,1
SebastianBarker,1
James_Halfpenny,1
helen_seaman,1
msclairehegarty,1
AntonioDorileo,2
RidgeNewman,5
mmaher70,4
CaraGilkes,1
HameTaeTheClyde,1
mattlewis1234,1
Bestmum42,1
Tim_Troup,2
CouncillorBill,1
hooper_dan,1
DavidMcHarg,1
Arron_Keating01,1
chrisbullivant,1
Couthie_Lassie,1
YESPentlands,1
LeffeAt49DS,1
councillormacph,4
benmabbett,2
CLeslieTeam2015,6
Eastleigh_news,1
londonworker,1
Gillyreeves,2
DouglasDaniel,1
KateForbes89,1
CaroleErskine,4
IndependentScot,1
DavieG1955,1
caebrwyn,1
MATatBucks,1
MichaelRosenYes,1
sara_e_ibrahim,1
TomDeakin95,1
PhilDavies3,2
cherylkebede1,1
Newpss,2
CllrRalphBerry,2
AlexanderInsley,1
Katyroar,1
flo_jo_mo,1
mbrendansweeney,1
IamalrightJack,1
ashraf1786,1
CurryCymraeg,3
PutneyCons,1
Debbie250872,1
GeorgeAylett,1
scotsyounglab,1
TheGazette,4
herrando,1
MatthewdAncona,1
MikeHannity,1
Woodlesfordnews,1
SkyNewsPR,1
Rhydianf,1
susana_mendonca,2
LabourBIS,4
Khobi_Vallis,1
awedgewood,1
SamTarry,1
CornwallTory,1
aijazmoin,1
PeterBooth55,1
hannahgsimpkins,1
RuthGoldwyn,1
Baguley_Labour,1
BBCSPSE,1
alan_gillam,1
fraerstevenson,1
LeeMarsham,2
Jack_Blanchard_,1
veganfuture,1
AqilaChoudhry,1
clairereid1974,1
DanielRidsdale,1
StBDulwich,1
JamesAsfa,1
SamuelDyas,1
merleneemerson,1
iamdougroper,1
AdamtlClarke,1
CeltiCRab19671,1
fairdeal2015,1
DrAbdulBShaikh,1
iAlexhunt,3
LabourHame,2
AonghasMacLeoid,1
gordonmacmillan,2
torygirl123,2
domhoy,1
GroatsJohn,1
ChaabanRabih,2
scottaitken_,1
BernardMcEldown,1
dryad13,1
LabourCID,1
muzyahmed_MSYP,2
JRevitt,3
robertvvalker,1
AmelieTreppass,1
AmandaFBelfast,1
HuwLewis,1
MarsdenHeights,1
SotonGreenParty,1
CharleyBendall,1
StevenFeldman,1
CrumbsandPetals,4
AnneStennett,1
luceandhan,1
alexandharding,2
BSmytherman,1
mcrfoe,1
tomhefferin,1
cheltlibdems,1
DundeeFans,1
alexorr2015,1
Ostara_SkinCare,1
gregjudge,1
BenCooper86,1
AsadRKhan,2
RGSWorcester,1
bbckamal,1
SkyNewsTonight,3
RossMcCaff,1
StoptheFOBTs,12
dpaingolf,1
herefordhywel,1
andy0892,1
Tribonian,1
SebastianEPayne,3
AberavonLabour,1
ShabnumMustapha,2
Susan60,1
LEAPeconomics,1
WoodlandTrust,1
KNBeattie,1
ahddrv,1
Tahmina_Rahman,1
AnthonyShaw91,2
BBCLouise,1
killiegradge,1
nimssnogard,1
Frog_Whelk,1
LabourDefra,3
penrijames,1
GuardianArchive,1
JBryantWales,1
GeorgeBell93,1
LichfieldLive,3
YourHereford1,1
kevinhyam,1
SevenoaksOliver,2
ClanDestFilm,1
MLBrook,1
PALucindaC,1
UoHHealthSocSci,1
HarryGartside,1
RussellHampton1,1
BarefootCrofter,1
SarahBrown1984,1
PriorySouthsea,1
radiosthelier,1
Toppimages,1
SPBrokenPromise,1
BRORADIO,1
League_Business,1
UNISONOurNHS,1
scouser73,1
tomboorman,1
yorkshirecpf,1
ScotDecides,1
GlasgowTelecoms,1
GTeggart,1
trisjh,1
SteveNewbould,1
CllrAlexander,1
Leigh_Black,1
ClrMajidMahmood,1
kevinbonavia,1
Fizzinnf,1
cunninghampaul,1
huwsilk,1
ftwestminster,2
pgo1980,1
kieronyates27,1
TheIndyPeople,1
bjp11scot,1
Blastiel,2
AlexWithamPR,1
Martin__Higgins,1
Adoreboard,2
CarolynCaddick,1
rabbineiljanes,1
SwindonWeb,1
COPDdoc,3
cmrpemberton,2
JRfromStrickley,1
Domhnall_iain,1
PaulGoodmanCH,1
DavidChameron,2
IpsosMORIScot,2
jackycrawford,1
Haitch7,1
JennaLMitch,2
JohnPentlandMSP,1
CambridgeGreens,1
anthonydeane,1
danielrmilligan,1
JaseStevens,1
GdnSocialCare,1
AnniCampbell1,1
photopeted,2
Ben_McGrail,1
TradeUnionGroup,1
JamesAnthonyRN,2
CroftonParkLife,1
DominicMc999,1
SunNation,3
hmsstrongbow,1
GoodwinMJ,1
cara_hilton,1
TinaThudBump,1
Dandean93,1
amber1983,1
Scotto_Voce,1
CambNetwork,1
JohnsonSitu,1
WilsonValet,1
GregMilbrodt,1
Ffyncwraig,2
_tta__,1
TheLodgeinator,1
DavidB1996,1
electionsafari,1
DemsocScotland,1
PYNHaringey,1
ldoherty91,1
misslucydav,1
NFUSParliament,1
ibushfield,1
HaroonSalaam,1
MathGW,1
grainger6,1
CentralLobby,1
COMBEbusiness,1
yellowbellyLou,1
SLTchat,2
CllrPauline,1
ChronSallie,1
Shawzybaws,1
188693,1
eddbaIlsmp,1
joyjohnson22,1
LangBanks,1
jammm23,1
Jos21Bell,1
xpressradio,1
JoshuaJPE,1
catherinemep,1
mark_storer,2
RossDPepper,1
Matt_Fido,1
paddy_greek,1
jlowther1982,1
JoanWatch2015,1
SwissToni_,1
MrHarryCole,1
BolsoverBeast,2
Isaac_Spring,1
scotpaulabear,4
TumshiePam,1
samdwebber,1
bbcsomerset,1
GraemeSmithHT,1
GeordieStewart1,2
Simon_Sinclair,1
Dizzee_Me,1
_canndo,1
Bal_Nandra,1
cavoceredigion,1
TheLawSociety,1
Cambrook_PJ,1
charley_francis,1
LauraAtkin,1
Dan_Martin,1
JoskiCottee,2
cardiffwest,1
annewitha_e,1
ImranGeoLondon,1
TomLaing14,1
Minnsey,1
TalOfer,1
EDP24,1
SouthScarleCC,1
photomcq,2
yseultna,1
rossmacrae,1
BetteMLynch,1
johnharris1969,1
ayestotheright,1
ryanjennings1,1
ConcernUK,3
_AnnaDavis,1
BeaverRoad_FS,1
MIHSforGirls,1
Sam1Fleming,1
GettyImagesNews,1
AngryAlSNP,1
dp_williamson,4
Drusilla_S_,1
thedwright1,1
JoeyMillar,1
ayubkhan65,1
phil4labour,2
mclarenmerc,1
kensingtonrod,1
Gustavahlen,1
tomgk_RN,1
MarkTW2,2
MurrayHawthorne,1
TomSkinnerUK,1
fhassan4,1
HealthFdn,1
BTPJoe,1
esbagshaw,2
zoe_white,1
OllyGrender,2
46pebbles,1
JoshNewlove,1
twittingneedles,1
ahisbani,1
arlenegracexo,1
H4ryB,1
agendaitv,1
fussydolphin,1
FHUKPolitics,1
COYBIG87,1
Stephen_WJ,1
theguidemag,1
FermanaghJulian,1
RichardHaigh3,1
DekBannan,1
joshheald,1
james_kilmartin,1
GummyBearGrills,1
SarwarEAlam73,2
_davidrhodes,1
Marcalanharris,1
briers79,1
UnisonNUTH,1
Mid_SussexCF,1
raymondtcbrown,1
ElectionUnspun,1
NestaLloydJones,1
kevverage,2
EddieACopeland,1
mrmarksteel,1
hampshireschool,1
UsdawUnion,1
LlyrGruffydd,2
BeckyBarnesB,1
weezegee,1
alfredjoyner,1
Ashfordhead,1
davidleemedia,1
gentraso,1
modishshoes,1
stevenimmons,2
Stu_Carruthers,1
nickylamo,1
Richard_ATL,1
SophiaSmith222,1
LSEGovernment,1
JINTY1B,1
AndrewRTDavies,1
Elite_Boxercise,1
JessTaylorPR,1
ProtectPubs,1
ElinorClapson,1
richarddlewis,1
BarryWhiteStuff,1
policytessa,1
JMBDelph,5
DCaseyMcEvoy,1
Emma_Hughes_,1
IntriguingNW,1
MarkMansfield10,1
AkuaAmore,1
coolchiccy,1
luciajwalker,1
JV_Roberts,2
CouncillorTudor,1
StuBailie,1
markjhooper,1
stevebeasant,1
UKParlArchives,1
randalgwturner,1
StPeterWalworth,1
YoungLabourBAME,1
PaulThomas992,1
V_L_Bennett,1
britishpoles,2
GekkoFM,2
TheJoshuaLovell,1
lachlangunn,1
AlasdairMcD,1
pcs_union,1
Claire_L912,1
DHansenLuke,1
Robertodipaola,2
CardiffYC,1
LeeClark1985,1
LewishamQTMum,1
heddgwynfor,1
mandoconserv,1
Hobsonl3,1
LSEEuroppblog,1
lionelbarber,1
krishopkins2015,1
Rehman_Chishti,1
Garethsocial,2
kjsnicol,1
becky_bowley,1
DarrenKs,1
clumhor,1
Neilwigg,2
JohnJappy,2
MiliKPatel,1
Sam__McAllister,1
GeorgePBGrant,1
LizofMuesliHill,1
HannaFlint,1
SHKMEP,1
susanaktemel,1
SueRuddick,1
Higgy193,1
RBFMaguire,1
martincoles,1
youngfabians,1
j_sijstermans,1
sophisabella,1
tyronce,2
Bexster100,1
LeedsNWLibDems,1
becciepile,1
Berngermern,1
GCol76,1
JimLynchTpt,1
thadysenior,1
RippedOffBriton,1
UpRising_MCR,1
_DaisyBenson,2
Gillianeames,1
ladyhaja,3
mdbuckley,1
PaulDuxbury,1
chacksfield,1
MDTories2015,2
yorkshirelabour,1
jamscott1,1
patsy_glasgow,1
SAshton9,1
Seja75,3
QMLabSoc,1
Matt4BGandB,2
shazknit,1
BirksAdrian,1
RoyalBlueStuey,1
elliottfranks,1
ASheridanSNP,1
CroydonSean,2
SNPWesterRoss,1
AndrewCrines,1
YesTroon,1
squeezed_middle,1
SNPBonnyLoan,1
ross3515,1
PeteDavey88,1
MarkVivis,1
MarkHennessy,1
OpiniumResearch,1
paulste1957,1
nja5,1
spencn5,1
Bynbrynman,1
DrWinTadd,1
MonicaLennon7,2
j_wardrop,1
chrisjcousins,1
BlackpoolSixth,1
NaraHodge,1
x00,1
DeclanLyons,2
ryantwhelan,1
olliemacarthur,1
May2015NS,1
YouYesYet,1
juliangbell,2
CllrFleur,1
ge2015bot,2
TheMockneyRebel,2
joerichlaw,2
chrisjlines,1
trevdick,1
VirtualEnaj,1
theinsightedge,1
LeedsNWLabour,1
EPortSeaCadets,1
StuartAllenFCMI,1
WeAreFigures,1
LizParsons71,1
KeithWalkerNews,1
UKElect070515,1
Mr_Magners,1
lucymac,1
CllrVivKendrick,1
tomchapman16,1
liamronan,1
RickJWaghorn,1
cleanandlight1,1
Artminx,1
laweenatroshi,1
mabonrhun,1
HaroldH_2015,2
savehfhospitals,2
The_ChrisShaw,1
jackieb53977324,1
judedeakin,1
HelenRobertsUK,1
PeterHain,1
aliceperryuk,1
JackMcKelvie,1
CharlieEdmunds,1
megkneafsey,1
wallaceme,1
roisinmiller,1
TimReidBBC,1
PlasLabour,1
patronsaintofca,1
stuckinscared,1
Live_Art_Local,1
FelipeABaquero,1
PeterWHiggins,1
NaeBorder,3
Yasmine_Dar,1
RadhikaMadhani,1
NeilGray3,1
SGadiLondon,1
TomPowdrill,1
gregalach,1
uuponline,1
rrwholloway,1
Gloss80,1
SNPKirrie_Dean,1
a1fire999,1
PD_Politics,1
GracieSamuels,1
adammcnicholas,1
NeenaGmep,1
Elaineac1,1
romseyabbey,1
stuartmillar159,1
LEJ88,1
annandjeff02,1
MargaretButer,2
shaqfu85,1
laura4roundway,1
edstaite,1
JoeCorina,3
ChineseLibDems,2
vox_femina,1
Johnny_Marr,4
martin_mckee,2
gilliangallardo,1
RyanHemmings,1
G_McNeill_WLDC,1
emilyhilton,1
WhitefieldLab,1
ConservGains,1
Reena_Ranger,1
BradfdActivists,1
Unite785,1
kevin_maxwell,1
LesleyHulonce,1
emmariina,1
JoJolike,1
mahmooa1,1
LornaReith,1
Katie_Dalton,3
orangejuiceard,1
BRAMHOPEJUNIORS,1
MogsyMorg,1
GabriellaJ,1
jleather,1
KeithMurray54,1
foreverbsl,1
SuzanneEvans1,1
askewadam,1
TomlinsonsCafe,1
andy_revival,1
alexbainbridge,1
Darth71S,1
markhillary,1
aitken_marc,1
CWaCTory,1
SarahBoniface1,1
sivnsn,1
harryph,1
Ilmarn1,1
AG_ThorpeApps,2
chris_percy,2
KAlmsivi,1
malinheenallan,3
Macanne,3
Che_Brent,1
TheAbdulKahhar,1
AnimalAid,1
Calum_Ansell,1
John_Gillibrand,1
LBroomRadio,1
yates_rob,1
Stuarte,1
John_Park,1
bbcnewcastle,1
IndyHealth,2
nickpickles,1
BBC_Cumbria,1
steverichards14,2
Mog83,1
dontgetfooled,1
syedjamalkazmi,1
wallacevillas,2
WalesPolitics,1
e_nation,1
helenaaparker,1
bathimpact,1
midnorfolkrly,1
HuishLibrary,1
Anthea_Dickson,1
TomLangley2,1
TomTom1173,1
CleanAirLondon,1
bovicebillwise,1
alnwickgazette,1
Crafty_Goddess,1
NJASteiner,1
Ray_McRobbie,1
RobertsonPaulC,1
JuliaHB1,1
TheCommonSpace,1
voteforpolicies,1
Ross_Dunn,1
ak18dar,2
tcatory,1
Roh_Yakobi,1
MrFrannieH,1
JoaniReid,1
ShiftingGrounds,1
angleseycouncil,1
ianbaxter_green,1
kirsty_boyle,1
Grandpa_Pete,1
MartinCathcart,1
BallotBlogs,1
miss_lisak,1
MartinBelam,1
d_smith2407,1
susan1878,1
SamuelEllisRees,1
MacDonaldCal,1
Jodatu,2
Moonchild67,1
itsmarcjones,1
YesBarGlasgow,1
lisasidwells,1
SimonMoores,1
LvpoolNatropath,1
Snewsma,1
pavitarmann,1
northernlennon,2
grayee,1
mmscotia,1
gingio,1
DaranHill,1
JimGamble_INEQE,1
annasarahconda,1
BobJBlizzard,1
notley4ealing,2
KellyMParry,1
BishManchester,1
tom_ComRes,1
botzarelli,1
AnLabhrach,1
lboroCRC,1
Politico_Daily,1
KrustyAllslopp,2
angelboudoir,1
burtonrdchippy,1
itstash538,1
LoughbroMatthew,1
MaryxMaguire,2
5littleboys1,2
WoolwichWideWeb,1
FraserHudghton,3
marianne_am,1
benhumphreyuk,1
lauramalarkey,1
youngkilshaw,1
Wonkatastic,1
lightacandleOTM,1
weefee118,1
ChrLeft,1
brumvotes,2
Badgerspin,1
menburke,1
cpeedell,1
Josh_CityIndex,1
FlipPrior,1
DDParky,1
myhassocks,1
andrewtunstall,1
SeanTRooney,1
MuzdalfaAhmed,1
BarbaraParry,1
conseuropegroup,1
fleetstreetfox,1
LibraryArchBish,1
rossmcatasney85,1
StJohnsWindows,1
5_News,3
MattFoot2,1
LocalSCambridge,1
GoodNewsHackney,1
steadiebear,1
joecooknow,1
abparchitects,1
BaqirResistance,1
MillfieldLD,1
SaraTye,1
rbrinkhaus,1
yogisrevenge,1
SophiaMorrell,1
hwallop,1
marklyonette,1
worldwarhulk2,1
mbmcentegart,1
c_of_e,1
azizmusa,1
ZamanTayyab,1
StewMott,1
CNTomFitz,1
chrisjhopkinson,1
ClairRatcliffe,1
100MCR,2
knitboy,1
Blondie_KDE,2
AndrewDavies2,1
shoaib2007,1
enotman65,1
tgjenkins,1
AlastairMcG,1
helenhowden,1
KayaJunction,2
Andy_Notman,1
GailLythgoe,1
Michael4Parl,2
CLA_Politics,1
GlenJamesFraser,1
aemmarose,1
chevdonaldson,1
Kyleeveritt,1
richjohnson,1
StBenedictDerby,1
Danny_Murphy1,1
cmerrey,1
JubalBarca,1
EastbourneCan,1
zimgirl19,1
TozzerA,1
Tilgate_FGreen,1
howells_nicola,1
clionamccarney,1
Harry_Matthes,1
TeamPeterKyle,1
BywellNland,1
Rutlandcfield,1
Liza_Harding,1
marktague,1
magendrag,1
PatrickGaffney8,1
carlyboyg,1
cerysfurlong,1
BizzySarah,1
Chron_Politics,1
sarahhutton18,1
SaoirseT98,2
Bantamanic,1
ConservativeCCh,3
chrisgetoutside,1
forssjen,1
AlLonergan,2
jammybaldwin,1
FaisalKhanBfd,1
HarrietJEdgar,1
newschambers,1
CllrButt,1
ZaheerQadiri,1
AAgha60,1
HayleyJay81,1
Oscar8192,1
redhotraggle,1
Ramsbury_Man,2
emobag,1
cheseabourne,1
SanchiaAlasia,1
MrGaziBD,1
Clanranald,1
ArttuRajantie,1
BrookesTimes,1
coolnair,1
ChiefEditorMG,1
NewHopeElephant,1
cliffordgs,3
Wales_Politics,1
RobertLodge73,1
SRMarketingRach,1
sophiearichards,1
SamWhiteLondon,1
bbcradiomanc,1
mwgehring,1
Carl_The_Beard,1
allanramo,1
jackiesayce,3
Lizzzzz_E,1
LewisKernow,1
EMMAREES,1
Degsy1013,1
j30moo,1
kevinmackenzi18,1
saveclerkenwell,1
GB_OH,1
Brumstew,1
harmeetsbrar,1
DoverDC,1
NishanthiG,1
MichaelKheng,1
emilyhilditch,1
RupertMyers,2
sharonconnor28,1
kateLthwaites,1
nursereubs,1
AustinPanttawel,1
FeministPics,1
planning4pubs,1
HMThompson_,1
jillykins22,1
grahamdines,1
DeanDuke,1
miraryness,1
jonnyhealey,1
littlebirdwoman,1
lornajane2,1
prl1982,1
BerthanPete,1
Catriona_Rae,1
random_cohesion,1
tchowells,1
dylanblues,1
AllanDLWilliams,1
lizzsters,1
PrintForLabour,4
sarasheridan,1
samblackledge,1
Chris_TheLizard,1
JWSWindowsLtd,1
nippysturgeon,1
curlycaff,1
PoytaGalvin,1
KarlBeaney,1
stellamedia,1
MilenaBuyum,1
NorthamptonBC,1
mastermindxl8,1
vickyford,1
hervey_elaine,1
AndyDevanney,1
BenPindar,1
jcmc_john,1
i_l_ceramics,1
katiethreadgill,1
mrs_bremner,1
Scase86,1
TheMehOffice,1
sharmil_kumar,1
ParkyBlue,1
Tim_Mullen,1
tplday,1
GSD_PRO,1
mccabe_kerry,1
BDEFbites,1
srd212,1
Bangorstudents,1
HexhamTories,1
timothy_barnes,1
jack_holborn,1
_Chloeellen,1
Digitalnun,1
CarlaTurner89,1
SteveToms01,1
luke_o_reilly,1
rokhsanafiaz,1
fairergambling,2
Scunnered101,1
BecksBDaniels,1
sileisabeth,1
A4BAS,1
MagnaCarta800th,1
josiedobrin,1
Callumtotten,1
Muzzascot,1
shivface,1
CFRocker8889,1
toon_blue,1
Brad5haw,1
Kayleighboox,1
percy_monkey,1
javied,1
ne_henry,1
sjfernandez7,1
shakespeare_t,1
MrJDexter,1
MartinLulham,1
kent_touchdis,1
TimothyAnsdell,1
Damneardrookit,1
playpieces,1
Tolpol77,1
RyanAMarks,1
Scrumppreserves,1
Ashdav92,1
tomriordan,1
PinkCatJo,1
trentca,1
RedMagDaily,1
RahimaBegum101,1
thelinc,1
TRWBURROWS,1
ircymru,1
BBCRadioSolent,1
positifwales,1
lucethornton,1
mikeacthomas,1
paulsysum,1
RadioDowntown,1
TomDyer96,1
TheOfficialLucC,1
johnpauldickie,1
BBCRadioLincs,1
leogriffin,1
amyglendinning,1
chris_browning,1
cllrjohnp,1
PortsmthNewsHub,1
lewisworrow,1
Hulllabour,1
johnrayitv,1
