BarnardosScot,1
Lisa_Smart,1
garforthlions,2
williamjhague,1
observealot,1
Common_Weal,5
MacKenziePeterR,1
TrevorLunnLV,1
williecoffeysnp,1
RogMull,1
GavinJuniper,1
WelshConserv-atives,1
f40campaign,1
LearnWithMCS,2
IlfordNorthCLP,2
JPonpolitics,2
WebsterGroupUK,1
johnhemming4mp,1
PenarthLabour,2
RichardLochhead,1
margarethodge,2
KarenRowling,1
michaelmeacher,1
akmacg,1
SteveReedMP,1
johnmcdonnellMP,2
MKLabourParty,1
sailor_jerry,1
fstoneherald,1
stephenflynn88,1
akhanmep,1
ARobertsonSNP,4
HMSG_Senior,1
SalBrinton,1
garyheatherFJ,1
JaynePDunn,1
MatherSam,1
weecmac,1
antonyslumbers,1
andybell5news,1
TotnesUKIP,1
OwenSmithMP,1
John_J_C_Moss,1
Shaw_Busi_Assoc,1
StephenNolan,1
BBCnewsLondon,1
GlossopNorthEnd,1
ojaymes,1
dave43uk,1
SusaninLangside,3
Conservative,1
EG_105,1
mfaulding,1
clydebank_snp,20
Stubuscus,1
ronnieo147,1
InvernessSNP,1
angelaeagle,2
crowdfunderuk,3
MarcoBiagiMSP,2
BBC3CR,1
IWA_UKs,1
BRWombat,1
bbcfivelive,1
BenKellyMusic,1
AmnestyUK,13
greenwichlabours,1
FraserNelson,1
sallymiranda,1
DianeDocherty3,1
sacha_mbe,1
nhsbill2015,1
KevinStewartMSP,2
JTomlinsonMP,1
MartinJDocherty,2
brianbest73,1
northdevon24,1
DerekMackayMSP,3
Plaid_Cymru,24
MarrShow,3
SDLPlive,3
NFUPolitical,1
RosaPrinceUK,1
bbcwales,1
Priory_Centre,3
BBCPM,1
_maggie5_,1
MaryMacleod2015,1
GeorgeWParker,1
KarlTurnerMP,1
CLeslieMP,2
susan_bell1212,1
TheIanGilmour,1
LesothoComTeam,1
xanabe,1
periscope,1
kdugdalemsp,1
Markfergusonuk,1
EastLothianSNP,60
AngusMacNeilMP,1
SarahballSarah,1
JustRadioLtd,1
tkennedy_star,1
AzminaSiddique,1
CommonsIDC,1
activeSNP,1
BBCCambs,2
untypicalboro,1
RosamundUrwin,1
JohnThomasMadde,1
bonus_pastor,1
BBCShropshire,1
weoleylabour,2
SkyNewsIt,1
rochellemonte,1
Rinstead,1
DuineEileAmhain,1
sammorganmoore,1
GdnVoluntary,1
MorayMP,4
RuthCadburyhttp//tco/k89ZX7JIQh,1
HeartEastAnglia,1
shelaghfogarty,1
comeandjoinus45,1
BBCr4today,1
greenergood_uk,1
TorbayCA,1
TelePolitics,1
mshafiquk,1
Azhar4Pendle,3
blindchildrenuk,1
alzheimerssoc,5
thefifer1314,1
SharonHodgson_,1
MaggieLennon1,1
LDAEngland,1
mylifemysay,1
JohnMasonMSP,1
cllrjennyoldham,1
instagram,3
RobWilson_RDG,1
coyleneil,2
lauramarsh70,1
Jennifergaunt11,1
NickBolesMP,1
ObiWanMacJock,1
AJasonWilliams,1
SkyNews,5
alisapower,1
mehdirhasan,1
moraysnp,1
Kirsty_Williams,1
NFUCymru,1
winstanleycoll,1
CamdenLabour,2
E_TLabour,1
JoanMcAlpine,6
EofELabourhttp//tco/fviyIRu4Le,1
itvnews,2
eddieizzard,2
HighlandSNP,2
eastwoodsnp222,1
SNPBishopbriggs,1
ed_milliband,1
conservatives,21
eveningchron,1
RobMargrave,1
Yoshimi_999,1
PeoplesNHSScot,2
KevinGillottPPC,1
LOVESE19,1
MonmouthSchool,1
bbcwm,2
LondonLovesBiz,1
EstuaryTV,1
ProactStadium,1
spenl,1
AamerAnwar,1
CraigBendoris,1
MSmithsonPB,1
Turmaines,1
eharveyART,1
Examiner,2
grahamemorris,3
hopenothate,1
AllisterHeath,1
SwitzerlandFash,1
SNP_TUG,1
huddersfielduni,1
IpsosMORI,1
backborwick,1
GrahamJones_MP,1
GRobinsonDUP,1
PartickFeargal,2
TottenhamLabour,5
SNP_Broxburn,1
ed_radio,1
clatchardcraig,1
StanwellSchool,1
MusselburghRace,2
charliedewhirst,2
JackieDP,2
RowanMoore,1
BOSLabour,1
bbcOne,1
PMCollege,1
HabsMonmouth,1
thercn,1
roswynnejones,1
Lyno45,1
wildlifeheals,1
Caroline_Benn,1
GavinBarwellMP,1
roydsschool,1
CraigPaton,1
BBCMarkMardell,2
simon_brooke,1
ColinByiers,1
50for15,1
JazzaJohn,1
guto_davies,1
RealDMitchell,1
ElthamHill,1
JonathanEvansCN,1
HammersmithAcad,1
lovetheangel,2
RMisstear,2
Amy__Macdonald,1
dscott_aberdeen,1
JohnSwinney,21
hhenderson47,1
CataloniaYes,1
harrybishop_,1
BBCDanDamon,1
porkyoldboy,1
AnnetteMilsom,1
geoff20man,1
snpenl,6
UKLabour,50
charlton_house,2
HullUniLabour,1
wheatsheafTbec,1
i_dee51,1
cglendinning95,3
SwindonAdvocacy,1
audreyneeson,1
ClrLeighDrennan,2
mikenesbittni,1
becciewatson,1
RichardlyleSnp,1
TheatreShop1,1
PRSD,1
Purna_Sen,1
scotgp,1
RebeccaBlake3,1
helston87,1
bristolgreen,1
radioplymouth,1
CatherineWest1,3
WomenForIndy,5
Qasimk01,1
Mari_Williams,1
The_Proclaimers,1
MgtFerrierSNP,3
whitehorsebrist,1
ConHome,1
ethicalbristol,1
isaby,1
alisonthewliss,4
RochdaleOnline,2
Wales,1
JulieForBurnley,2
AlanJPatterson,1
JamesAmcvean,2
saltervilla,1
itv2,1
leothexplorer,1
hampsteadlabour,2
HaringeyLabour,1
DeputyMayorTH,1
HighlandLibDems,1
cardiffstudents,1
Ivan_McKee,3
GlasgowSouthSNP,9
HillheadKen,2
ClaxCllr_IreneH,1
Team2015,2
victoriaB_F,1
RobertBuckland,1
cathyjamieson,1
gazjc1973,1
MrLeeRoberts,1
EXPTOUGH,1
LewisParker1995,2
MagiGibson,1
AngieBray2015,1
RuthCadbury,1
timesredbox,1
MichaelPayneUK,1
EastLothianCLP,1
David_Cameron,11
BBCWestminHour,1
BBCSPLondon,1
GlenthornePSHE,1
Ballochmylelab,1
BBCWorldatOne,1
LucyMPowell,1
BBCWorldTonight,2
dailytelegraphs,1
jockulla,1
Election4castUKCON,1
DoddsJane,1
Debcstewart,1
ForumGreenwich,1
nick_Cleggs,1
Autism,2
dale_mason1,2
MarkJHarris111,1
iaindocherty,1
uniofeastanglia,1
JSHeappey,2
jrwallace54,2
rory_palmer,1
bbcrb,3
naushabahkhan,1
StrathUnion,2
otherchrises,2
davidellesmere,1
olivercoppard,2
NorthernPowerhouse,1
Margaret_Curran,1
SarahOwen_,1
WMLabour,1
REStPauls,1
SinnFeinElectio,2
raiphsays,1
PapiBurgundy,1
LikeYourFitness,1
Manuel_TSSA,1
sajidjavid,1
AnneFairweather,1
BWV2,1
ScotForUK,1
Hortini,1
labourlewis,3
Lucy_Rigby,1
theSNP#GE15,1
Radio5live,1
KeithBrownMSP,3
EMChamberNews,1
calumrkerr,2
BogChicken,1
LindaMillar11,1
MorleyNeil,1
MayorofLondon,2
guardiancultureâ€™s,1
IBTimes,1
cwpiper,1
CatrionaCowan,1
oldhamlabour,2
DundeeSNP,1
live_life_safe,1
nickdebois,1
gubath,1
Observer_Owl,1
Gemmawilson31,1
Conservatives-led,1
RoryBickerton,2
LabourChestrfld,3
colby_jackie,2
ONECampaign,1
youngvotersuk,3
RossThomsonTory,1
joan_sturgeon,1
stuartbrown77,1
grantshapps,5
OwenJones84,2
libby_brooks,1
scouts,1
LordAshcroft,2
ElinLlyr,1
CPJElmore,1
traceymacleod1,5
HannahDavid_HW,1
MissJBartlett,1
YvetteCooperMP,1
bbc,1
EdinburghSNP,1
GlasgowSkeptics,1
VoGLabour,1
JimForScotland,2
ashingtonlad,1
CStephenssnp,1
RebeccaHarrisMP,1
MarkJSewards,2
9Millionwomen,1
lochteracts,1
pborogreyhounds,1
GlasgowSNP,1
eldenecommunity,1
BBCBerkshire,1
stephenphelps,2
SolaceWomensAid,1
mercurytheatre,1
val_hudson,2
BBCRadio2,1
GailRossSNP,1
EdinSWSNP,7
AnndraMoireach,1
Jas_Athwal,1
ConorMcGinn,1
BBCNottingham,1
Carol4GlaNW,7
LouiseBaldock,3
KarenDanczuk,1
Bruce_Fummey,1
lynnleishman,1
nickystone93,1
lewisritchieSNP,1
Manresapoint,1
CarlHolding,1
MissleeCarlisle,2
EastMidsLabour,1
LBC,7
RoyalMail,1
Georgiaellenh,1
CNDuk,1
kevin_j_foster,5
jreynoldsMP,1
PatricksPeople,2
KateStephenHLD,1
BasGazette,1
jimijoflynn,2
Steve_Rotheram,1
genrentuk,1
imrichardmorris,1
sjb_hull,1
BBCSheffield,1
HouseofCommons,1
AUBSU,1
DanJarvis,1
SimonDanczuk,1
Gwendathomas,1
Weegmanns,1
McgoldrickJa,1
julie4nw,2
shirleyjseaton,1
DelBoyd10,1
NickRamsayAM,1
TomHarris4MP,2
RuPaul,2
BBCBreakfast,1
C4Gogglebox,1
birdman1066,1
GabbyStribley,1
Radical_Indy,1
MikeKaneMP,1
RichardAngell,1
BertBremner,1
shoeburyblogger,1
Tickenhamgolf,1
RozaSalih,1
Fankledoose,1
CAMRA_Officials,1
HS2Parliament,1
ng_labour,1
tom_watson,3
PaulStainton,2
SuffolkCoastal,1
TSSLUFC,3
VoiceOfGen1,1
carolynleckie,1
waveneydc,1
CllrKieranQuinn,1
tobyperkinsmp,1
BigBraLady,1
ThePaulVickers,1
neilelkes,1
OliverHeald2015,1
BoringOleFart,1
MKConservatives,2
twitter,1
RoyalNottingham,1
DavidGauke,1
SNPStudents,1
AbdnNorthKirsty,5
shepwaydc,1
wirrallabour,1
adamboultonSKY,2
gusna11,1
rothwelllions,2
TQHeraldExpress,2
SuthSNP,2
Shane4Stanford,1
the_tpa,1
PauloconnorMBE,1
BBCAnyQuestions,1
the,2
IainDale,2
George_Osborne,1
youtube,12
PhilBoswellSNP,3
ValeofLevenSNP,20
theabbeyschool,1
lostjimmy,1
EDWESTERNSNP,4
BrighthelmURC,1
TommySheppard,1
GeeJayJon,1
SNPEdinForth,1
HoughtonWeavers,2
carljarvis_eos,1
Bridges_Centre,1
ChickanosLtd,1
osianowen1,1
BBCRadio4,4
georgegalloway,1
vincecable,3
FSB_Scotland,1
ChauhanZahid,1
TeleComment,1
MrJohnNicolsons,1
NathanGMurray,2
JimHood_MP,1
sophwainwright,1
PeteWishart,1
bigandy68,1
MarcusduSautoy,1
NicolaSturgeons,2
CassiltounHA,1
FleeceOtley,1
ninacyoung,2
jimmurphymp,1
DanHannanMEP,1
SadiqKhan,3
brianmcgui,1
morganmcmichael,1
_Normina_,1
EilidhWhitefords,2
WeTrustInSNP,1
SELabour,1
TheatrSoar,1
siangwenfelin,2
Daily_Record,1
IRobertsonSNP,1
J_Bloodworth,1
MCullen27,1
StephenGethins,1
BBCNewsround,1
vickyfoxcroft,1
nick_clegg,3
Vote_Labour,7
dazeythinker,1
jameskirkup,1
DailyMirror,5
KayleighWaugh1,1
TheNorthernEcho,1
iealondon,1
heidi_mp,2
mhairi_macisaac,1
BBCDevon,2
Girlguiding,1
GavinMontana,1
hammersmithandy,1
DrBrianMay,1
BessBrowningKM,1
NMcCiavelli,1
Channel4News,3
hudpolitics,1
UKParliament,1
hullkr_online,1
Dunne4Ludlow,1
janemum1,1
LouiseRidley,1
StreetRepairs,1
Lynne_Stott,1
unionstogether,3
NaeFear,2
NicolleNdiweni,1
chockeyboy,1
tamworthherald,1
FloydMayweather,1
olaygazeteuk,1
Turmaine,1
ChukaUmunna,3
PhillipS1961,1
Steve4Weoley,1
trekkie101,1
LeagueACS,1
ScottishCND,1
Keir_Starmer,2
gregsmithsw6,1
BBCNews,8
BarbaraACannon,1
StewartHosieMP,1
paultskenny,1
Bret4Northfield,2
ThurrockPolly,4
Watsoninverness,1
CllrAlanClark,1
TheGinjaNinja_,1
pinknews,1
lucianaberger,2
B31Voices,2
MagickmikeMike,1
LivEchonews,1
dottymcl,1
abbyshepherd,1
LordAshcrofts,1
Edinwestern,1
susannecc,1
johnmcternan,1
fdarena,1
osp_2015,7
Jen4Indy,2
WilfredFrost,1
ferryoons,4
Kenny4PartickW,11
SNPDunblane,1
SNP_NE_Fife,14
GallacherJoanne,1
KeepStJoes,1
LoveQueensferry,2
snpkirkcaldy,2
ryestudioschools,1
1059AcademyFM,1
lauraewaddell,1
Tameside_Labour,8
CitizensUK,3
ChrisM4Chester,1
ConHomeHeres,1
SarahChampionMP,2
MirrorPolitics,2
PJORourke,1
webackhewett,1
uochester,1
LukePollard,1
yeskelty,1
sowsnett,1
sheffieldlive,1
RegistHERtoVote,1
misterhsk,2
ShefLabStudents,1
amanjit,1
Battlebus2015,5
andrew4MK,3
pressassoc,1
turtle4360,1
LabourCfS,1
MarkJLittlewood,1
hannahwitton,2
NFUtweets,1
SkyNewsBoulton,1
NottinghamCitz,1
ThorWarlord,1
snpclacks,1
BloombergTV,1
LabourSJ,5
Wakeringvillage,1
ukrespectparty,1
Markymalarkey,1
itvlondon,2
RashidNix,1
YoungLabourUK,2
CrannTarra,1
PJPollockVet,1
robertabwMP,1
ganbowling,1
matt_mann95,1
theJeremyVine,2
LeightonAndrews,1
NiaCJohn,1
MumsnetTowers,3
Chris_Matheson,1
TheStaggers,1
TomRailton1,1
MikeAmesbury,1
BWallace4WPN,1
JYDenham,1
BBCRadioStoke,2
UKTransInfos,1
jeremy40720759,1
looknorthBBC,1
BradfordCollege,1
AmCritchard,1
ClevedonTC,1
sfha_hq,1
canonianblack,1
joswinson,1
Labour_MH,1
jessphillips,1
halsally,1
GaryCairney,1
toisich69,2
julieetchitv,1
OnnMel,1
LondonWelshCCLL,1
GMBCampaigns,1
swindonadver,1
LizMcInnesMP,2
DumbartonSNP,20
AlysonLaird,1
jesuisELP,2
GCC_SNP,3
MytonSchool,1
Ed_Milibands,2
NASUWT,1
AngelaRayner,1
BexBailey6,1
BrandonLewis,1
JohnRentoul,1
DanielZeichner,2
StJohnsPborough,1
CateGeorge69,1
labour52rose,1
PeoplesNHS,1
TimHarford,1
AndraFaeNairn,1
Blisscharity,1
AlynSmithMEP,7
lag36,1
tara6171,1
MsAmberStevens,1
SPP_macallister,1
IslingtonSouth,1
CroydonLabour,1
Essex_Echo,1
ChristinaSNP,1
AlexanderBright,1
thoughtland,2
AnneMcLaughlin,2
apmcfadyen,1
BBCRadioWales,1
MichaelDugher,1
AndyscafeNQY,1
Culture_Agent,1
Jeremy_Hunt,1
roryweal,1
AngrySalmond,2
WelshLibDems,1
VoteSmart2015,2
lynbrownmp,1
farrochie,1
daily_politics,2
Lawyersforyes,1
wdjstraw,1
parcelforce,1
GloriaDePiero,2
WaltonHighmk,1
welshlabour,20
LpoolWaltonCLP,1
malcolmbruce,1
KaufmanLegal,1
DiCreggie,1
JoeFitzSNP,1
AJABurnett,2
EdwardCrouchUK,1
hudghtonmepSNP,1
theSNP#voteSNP,1
janemerrick23,1
lara_norris,1
Martainn_84,2
Jessica_Asato,5
LabourStudents,1
VotePursglove,1
SenAbnorth,1
OStonestreet,1
barking,1
RuthDavidsonMSP,3
Conorpope,1
StewartHosieSNP,3
EDI_Airport,1
Harryslaststand,3
AttitudeMag,1
rableather,1
idollard,1
dhughe12,1
LabourNorthWest,1
womensaid,1
AlexanderEmbo,1
joanryanEnfield,1
SaffronKim,1
CNBC,1
wetherbylion,2
missjuliewooly,2
wesstreeting,3
timjn1,1
BBCBristol,2
GunnPolitics,2
WSW_Labour,1
CllrNormanWork,1
elcourier,3
jcullinane86,1
theSNP,158
MDUK_News,3
SMcPartland2015,2
dmross63,2
wilford4th,1
labour,1
ruthyie,1
AlisonHeap,1
Glosecho,1
KNLabour,1
ThunderclapIt,3
Alibroon1,1
LeanneWood,2
bbc5live,10
sun_pol_scot,2
CityAM,1
LibbyWienerITV,1
edballsmp,2
buspasselvis,1
bruernish,2
CarersTrust,1
annebegg,2
RealADGoldberg,1
iainastewart,2
LabourList,2
scottishlabour,8
andyburnhammp,2
CaitlinBisknell,1
NickWiltonNS,1
velivingston,1
Tricia_td,1
MattHancock2015,1
TrellechChurch,1
Dafydd_Wigley,4
raysmithphoto,1
WavertreeCLP,1
ikonmusic1,1
Suzemclaughlin,2
MaryBurstow,1
cardiffnorth15,2
thurrocklabour,1
davemckay76,1
Justine_Roberts,1
CheltUKIP,1
EdinCentralSNP,1
chepstowschool,1
flipsidefunny,1
BBCNewsnight,3
VoteConservative,1
DrAdrianHeald,1
nataliemcgarry,2
StewartMcDonald,1
MrGaryPaterson,2
whipper_snap,2
AvrilMcivor,1
MarkSeddon1962,1
annabeltall,1
SNPLivingston,1
Wrexham,3
vincemaple,1
YouthComplexCYC,1
vaughangething,1
iredalepolitics,1
GarryPatrick1,1
NicolaSturgeon,66
matt_mahon,1
CarolineFlintMP,1
standardnews,2
DurhamCT,1
CG19700,1
NeilUKIP,1
DJMag,1
GlasgowSouthSNPs,1
GeorgeKerevan,1
amyjeffrey13,1
Palayo,1
WingsScotland,2
EveningGazette,1
GwynneCllr,3
Amanda7Saunders,1
RheinalltPuw,1
SNP_Thurso,1
EdmontonCLP,2
billybragg,1
murdo_fraser,1
wiredfire,1
YesHighland,2
EdinburghWfi,1
carolynquinncq,2
dmcbfs,1
inverkev,1
donny_222,2
DeansOfCardiff,1
NickPetre,1
NapierHamish,2
HumzaYousaf,9
DPJHodges,2
BrianSpanner1,1
julianhuppert,1
ChesterfieldBC,2
NThomasSymonds,1
RuglenReformer,3
melody_player,1
ChristineCarer,1
MannyPacquiao,1
RadioGuyGlasgow,1
NFUStweets,1
smiffy_73,1
Telegraph,36
gordon_tony,1
richardstead,1
bbcnickrobinson,1
ScotNational,7
javery_live,1
TwitterUK,1
TheBigTriangle,3
EalingLabour,1
JamesFrith,1
getreading,1
DillonK_Msyp,1
BiteTheBallot,4
ButetownLabour,1
Ed_Miliband,18
MackaySNP,1
_stephensweeney,1
Palomafaith,1
P_U_L_Views,1
GApost16,1
ChrisCr999,1
TulipSiddiq,4
titukarim,1
matthewmorley7,1
ACCAWales,1
bbcquestiontime,1
Channel4,2
Historywoman,1
HuffPostUKPol,2
mrpotholeuk,1
strathearnrose,1
VoteDrewHendry,1
JoshFG,1
RupaHuq,2
barkinglabour,2
theSNPs,13
Independent,3
Catheri76509321,1
Dazpower,1
SNPEwoodYouth,2
Iainwith2ayes,1
DanusSkene,1
joertmclark,1
EilidhWhiteford,1
pete4stour,1
MinaRahman1,1
IanAustinMP,2
JM_Wentworth,1
EofELabour,1
hartsholmeacad,1
ValShawcross,1
WyvernTheatre,1
TasminaSheikh,4
DevonCC,1
bbciplayer,1
alisonseabeck,2
SouthCambs,1
CheltCons,1
DefenceHQ,3
goldenlionales,1
GeorgeIanScott1,1
GwynnePup,1
patrickhall4mp,3
SimonHughes,3
Evins,1
dan4barnsley,2
paulscoins,1
newsundayherald,2
GrangetownLAB,3
WillJMartindale,1
HansMulleur,1
snp,3
R4wli,1
paulwaugh,1
cwowomenâ€?#Gr8News,1
LouiseMensch,3
CllrIanAngus,1
lesleyriddoch,1
SandraWhiteSNP,3
AlanBrownSNPVote,1
NATO,2
electprentis,1
SaintsRugby,1
michaelchequer,1
BBCLeeds,4
age_uk,2
MrJohnNicolson,1
SunPoliticsWest,1
HFLabour,1
cityplym,1
CarolineLucas,1
Celine_E_B,1
pressjournal,3
Uma_Kumaran,4
StuMcMillanSNP,1
annaturley,3
SNPOut,2
Rosiecosy,1
alstewitn,1
naschofield,1
KirstyWark,1
Crim_sol_PH,1
MGcomment,1
willie_rennie,1
IndyOnSunday,1
GlasgowMSP,8
mrskerryw,1
BBCRealityCheck,1
MrsPatches,1
unisontweets,1
mycenaehouse,1
nigelmp,1
ITVCentral,1
vmg456,1
snpkinross,1
DanJukes17,1
Shettleston_SNP,1
NSomersetArts,1
BBCNewsbeat,2
letouryorkshire,1
UKLabours,14
cllrtrisosborne,1
TootingLabour,7
AileenMcLeodMSP,3
MargaretGreenwoodWW,1
guardian,5
BBCLookNorth,2
UKPatchwork,1
BBCLeicester,1
IrrancaDaviesMP,3
lukedcoffey,1
ENABLEScotland,1
InverclydeCLP,2
OurPeoplesNHSScot,1
alededwardscym,1
LordMcConnell,1
ClydesdAileen,2
jacktlad,1
bear_ger,1
WHDigiSentinel,1
joanwalley1,1
utcswindon,1
Stewart4Pboro,1
t4rtanpaint,1
Katy_McCloskey,1
Maryhill_SNP,1
MikeGapes,1
johnprescott,1
GlenysThornton,1
Robwhiteman1,1
RutherglenSNP,1
batchelorshow,7
gregmoodie,1
Cllr_ABradley,1
RSNonline,2
RebeccaBlake31,2
38_degrees,2
Jackienborland,1
bbchw,1
CardiffCF,1
bigbuzzard,1
JeaneF1,2
adamfiddle,2
sdailey87,1
GPMcGregor,1
YPlasCSU,1
RupertDarwall,1
MustardTV,1
SNPwindaes,14
NRConservatives,1
MzLashmore,1
Spetmologer,1
Amina_Lone,2
Parlez_me_nTory,1
gov,1
foecymrucydd,1
LucyRigby,1
scullyp,1
Steph_Peacock,1
LondonLabour,18
jamiehepburn,2
cawalsh,1
SNPKelvin,1
LibDems,15
CertusCC,1
DeidreBrock,1
WV11,1
SnpLochaber,1
caslass,1
guinness_occupy,1
EdMiliband,1
AlanBrownSNP,11
Steveredwolf,1
EmmaSNPHarper,2
LeftFootFwd,1
UNISONWales,1
TainYes,1
mhairi1921,1
NeilHudgell,1
NorthSomersetC,2
GADCIL,1
suzy4harlows,1
RogerWestwood,1
suzy4harlow,2
GarethThomasMP,2
libby_mcarthur,1
FionaODonnellMP,1
Radiocardiff,2
demTVscot,1
AngusMacNeilSNP,1
greendadtwit,1
OwenSmith4MP,1
TheVoiceNews,1
naughtiej,1
ranh76,1
lennyshallcross,1
sadiq_shabana,1
leoniemathers,2
NigelAsh1,2
StigAbell,1
bernypollock1,1
ProgressOnline,1
Wrexham_AFC,1
PeterMurrell,1
stephenkb,1
KennyImafidon,2
JamieRoss7,1
RSylvesterTimes,1
ECFMScotland,1
KillieLabour,6
ruth_wishart,1
PlymouthChaz,1
LadyM_McManus,1
jj_mallon,1
FaeTroon,1
DandR_CLP,1
BBCScotlandNews,1
WindsScotland,1
lbbdcouncil,1
stuhirst,5
Spencer_Drury,1
tomclearwood,2
CateySmith,2
Steven4Stirling,2
AlexSalmond,16
DrLeeBracknell,1
JoelTory,1
vriyait,1
hughmacd08_hugh,1
cllrgsimpson,1
DougChapmanSNP,4
TheDaffodilInn,1
sarahsackman,2
MonmouthCA,2
riseuk,1
PenarthTimes,1
alzscot,3
sfosterld,1
CPA_UK,1
NorthSomsShow,3
ScotTories,3
DarrenHall2015,1
aewingmsp,1
MarkReckless,1
muirtsmith,1
