nataliemcgarry,Amy__Macdonald
InverclydeMP,InverclydeCLP
nataliemcgarry,Shettleston_SNP
nataliemcgarry,theSNP
MichelleThomson,EDI_Airport
nataliemcgarry,AmnestyUK
nataliemcgarry,Palayo
nataliemcgarry,WomenForIndy
nataliemcgarry,NicolaSturgeon
InverclydeMP,InverclydeCLP
nataliemcgarry,DuineEileAmhain
nataliemcgarry,GlasgowSNP
lisacameronsnp,cllrgsimpson
marklazarowicz,xanabe
EricPickles,HannahDavid_HW
johnmcdonnellMP,johnmcdonnellMP
nataliemcgarry,nataliemcgarry
GWilliamsonMP,Conservative
nataliemcgarry,HumzaYousaf
nataliemcgarry,JohnMasonMSP
nataliemcgarry,carolynleckie
nataliemcgarry,libby_brooks
karen__bradley,Telegraph
nataliemcgarry,theSNP
nataliemcgarry,t4rtanpaint
GeorgeKerevan,EastLothianSNP
GeorgeKerevan,elcourier
GeorgeKerevan,ECFMScotland
halfon4harlowMP,Conservatives-led
MichelleThomson,SNP
GradySNP,cglendinning95
GradySNP,Martainn_84
GradySNP,bruernish
nataliemcgarry,CPA_UK
nataliemcgarry,HumzaYousaf
