IanMearnsMP,LSEge2015
alisonthewliss,Aidan_Kerr1
nataliemcgarry,kearneycath
EilidhWhiteford,RickyTaylorSNP
DougChapmanSNP,nataliemcgarry
DougChapmanSNP,cllrStu
GeorgeKerevan,cllrStu
nataliemcgarry,ScotBraveHearts
nataliemcgarry,GradySNP
_PaulMonaghan,EechieOchie
nataliemcgarry,PeterMurrell
GradySNP,ConorH96
ArklessRichard,GGTTH_Andy
IanMearnsMP,REWearmouth
InverclydeMP,BradenDavy
ArklessRichard,LegKnowlScot
alisonthewliss,ToniGiugliano
stephen_gilbert,stephendalfonso
MichaelMcCannMP,Sam__F____
GeorgeKerevan,nataliemcgarry
AnneMcLaughlin,nataliemcgarry
Steven4Stirling,SNPDunblane
MichaelMcCannMP,TaylorJamesScot
alisonthewliss,nataliemcgarry
drewhendrySNP,theSNP
DJWarburton,jojobeale
HackneyAbbott,AlanClinch
BarryGardiner,AlanClinch
GordonBanksMP,Craigmiller1986
HelenGrantMP,carrieapples
stephen_gilbert,StAustellBayCoC
nataliemcgarry,NicolaSturgeon
georgegalloway,TwittyODriscoll
georgegalloway,YasKQ
lisacameronsnp,Michaeldoris
nataliemcgarry,YesEastRen
PaulFlynnMP,janewevans
IrrancaDaviesMP,SerenaCowdy
ArklessRichard,AileenMcLeodMSP
MichaelMcCannMP,Handibode
lisacameronsnp,Michaeldoris
EilidhWhiteford,nataliemcgarry
SeemaMalhotra1,InverclydeMP
lisacameronsnp,Michaeldoris
lisacameronsnp,Sam__F____
SimonKirbyMP,MCW_1988
lisacameronsnp,Michaeldoris
nataliemcgarry,GerryHassan
georgegalloway,MuhammedRaza786
EilidhWhiteford,RickyTaylorSNP
SimonKirbyMP,CAMRA_Official
DavidJonesMP,SimonPhillipsUK
Steven4Stirling,SNPDunblane
Steven4Stirling,SNPDunblane
ConorMcGinn,RachelReevesMP
andrewpercy,meggitt20
Steven4Stirling,SNPDunblane
Steven4Stirling,SNPDunblane
marklazarowicz,Edinburgh_CC
Steven4Stirling,SNPDunblane
drewhendrySNP,Cath_MacKinnon
PeteWishart,StanJames45
PeteWishart,MamaGlasgow
nataliemcgarry,penguinos99
Steven4Stirling,SNPDunblane
AlokSharma_RDG,carrieapples
murrisonMP,carrieapples
DJWarburton,jojobeale
nataliemcgarry,penguinos99
MichaelMcCannMP,blairmcdougall
nataliemcgarry,Tamstered
lisacameronsnp,ianmcallansnp
AnneMcLaughlin,ProvanSNP
_PaulMonaghan,nataliemcgarry
nataliemcgarry,PeterMurrell
nataliemcgarry,theSNP
MichaelMcCannMP,heraldscotland
nataliemcgarry,theSNP
Steven4Stirling,SNPDunblane
Steven4Stirling,SNPDunblane
Thomas_Docherty,scottishlabour
InverclydeMP,scottishlabour
michaelmeacher,leftfutures
InverclydeMP,scottishlabour
InverclydeMP,scottishlabour
Thomas_Docherty,scottishlabour
andreajenkyns,DavidJonesMP
FrankRoyMP,scottishlabour
Thomas_Docherty,scottishlabour
MichaelMcCannMP,scottishlabour
stephen_gilbert,LibDems
AngusMacNeilSNP,Cllr_McEleny
InverclydeMP,unitetheunion
annaturley,OT_rach
DavidJonesMP,JFinchSaunders
JonathanPlaid,greengranma
lynbrownmp,DianeforLondon
marion53f,MhairiHunter
nataliemcgarry,saffron_dickson
wesstreeting,Mawneyslabour
Steven4Stirling,SNPDunblane
jreedmp,tscholesfogg
PeteWishart,ToniGiugliano
julianhuppert,kilian_bourke
JasonMcCartney,katielfrank
CatherineWest1,slightlyscrewed
ChrisLawSNP,terencecallacha
AngusMacNeilSNP,nataliemcgarry
jreedmp,jomccarron
joannaccherry,jil_murphy
MichelleThomson,jil_murphy
KarlTurnerMP,AshleyB0203
nataliemcgarry,PartickFeargal
alisonthewliss,morganhornx
annaturley,OT_rach
julianhuppert,MHoCLibDems
karen__bradley,csjthinktank
Steven4Stirling,SNPDunblane
Steven4Stirling,SNPDunblane
georgegalloway,respect_youth
HannahB4LiviMP,LePolitics
nataliemcgarry,gusna11
nataliemcgarry,gusna11
TasminaSheikh,sipeki
_PaulMonaghan,DiCreggie
MikeGapes,OurVoiceOurHOPE
michelledonelan,teamdonelan
hammersmithandy,tom_rye
georgegalloway,thynno9
Steven4Stirling,SNPDunblane
Steven4Stirling,SNPDunblane
andrewpercy,angus_young61
iswales,stephenpglenn
georgegalloway,MuhammedRaza786
Mike4Eastleigh,OCWCampaign
AngusMacNeilSNP,Robbo_Iain
SeemaMalhotra1,LordRoyKennedy
MikeGapes,LordRoyKennedy
lisacameronsnp,Michaeldoris
michaelmeacher,labourassembly
nataliemcgarry,electoralreform
michaelmeacher,Debbie_abrahams
iswales,wokinghamlibdem
lisacameronsnp,Michaeldoris
MichaelMcCannMP,MartinNeill1
PeterNorthDevon,GeorgeDMoseley
Steven4Stirling,SNPDunblane
nataliemcgarry,morganhornx
Steven4Stirling,SNPDunblane
Steven4Stirling,SNPDunblane
andrewpercy,AndrewParrish7
marklazarowicz,BBCDouglasF
georgegalloway,MuhammedRaza786
nataliemcgarry,Shettleston_SNP
georgegalloway,MuhammedRaza786
DougChapmanSNP,cllrStu
_PaulMonaghan,cllrStu
iswales,nick_clegg
julianhuppert,KingOfTwickers
_PaulMonaghan,GunnPolitics
Steven4Stirling,SNPDunblane
andrewpercy,OpinionYP
Jo_Cox1,GreenBeltRev
RobertBuckland,Jon_Torbitt
MichaelMcCannMP,LabourUnited
JonathanPlaid,mathewmichaux
nataliemcgarry,NicolaSturgeon
nataliemcgarry,severincarrell
Steven4Stirling,SNPDunblane
HywelPlaidCymru,DyfedWyn
nataliemcgarry,IankKearns
GeorgeKerevan,cllrStu
PhilBoswellSNP,lisatheitgirl
Steven4Stirling,SNPDunblane
nataliemcgarry,Shettleston_SNP
marklazarowicz,ZahiraHassan
_PaulMonaghan,GunnPolitics
GemmaWDMP,phil_sidney
nataliemcgarry,jacqyerbody
nataliemcgarry,rosscolquhoun
stephen_gilbert,ChesterLibDems
georgegalloway,MuhammedRaza786
MichelleThomson,IanBlackfordSNP
joannaccherry,EdinSWSNP
joannaccherry,EdinSWSNP
GordonBanksMP,Craigmiller1986
stephen_gilbert,LibDems
marklazarowicz,Sam__F____
AngusMacNeilSNP,mrpaulaitken
Thomas_Docherty,scottishlabour
georgegalloway,MuhammedRaza786
marklazarowicz,FoysolChoudhury
mtpennycook,lukeblackheath
ChrisWhite_MP,Jack_Mc_Cann
PhilBoswellSNP,mrpaulaitken
nataliemcgarry,endless_psych
JonathanPlaid,HeleddSian
BrandonLewis,carrieapples
ChrisLawSNP,indycyclist
Steven4Stirling,SNPDunblane
nataliemcgarry,RossDeans
GregHands,VoteDavidJones
PhilBoswellSNP,theSNP
MichaelMcCannMP,scottishlabour
KarlTurnerMP,InspGadgetBlogs
Steven4Stirling,SNPDunblane
GordonBanksMP,Craigmiller1986
GordonBanksMP,Craigmiller1986
iswales,NEChamber
Y_FovargueMP,Gingerbread
_PaulMonaghan,GunnPolitics
marklazarowicz,scottishlabour
FrankRoyMP,scottishlabour
Steven4Stirling,SNPDunblane
nataliemcgarry,Shettleston_SNP
michaelmeacher,leftfutures
michaelmeacher,leftfutures
SadiqKhan,NJav
MichaelMcCannMP,Eunis_Jassemi
karen__bradley,CllrSteveEllis
vickyfoxcroft,jonniilink
tpearce003,DannyHackett
tpearce003,DannyHackett
StewartMcDonald,ColinMcKinlay
georgegalloway,MuhammedRaza786
GuyOpperman,JordanHennessy4
BrandonLewis,carrieapples
ChrisPincher,carrieapples
karlmccartney,carrieapples
stephen_gilbert,BBCPolitics
Steven4Stirling,SNPDunblane
MichaelMcCannMP,BBCDouglasF
Steven4Stirling,SNPDunblane
Steven4Stirling,EvaEdinburgh
DeidreBrock,LSEge2015
nataliemcgarry,Shettleston_SNP
lucyallan,bbcmtd
nataliemcgarry,libby_brooks
TomTugendhat,VoteDavidJones
GeorgeKerevan,LegKnowlScot
stephen_gilbert,LibDems
joannaccherry,Rachel_Blair_
AlasdairMcD_MP,JustinKaneC
stephenctimms,GuzenTuna
PhilBoswellSNP,lisatheitgirl
vickyfoxcroft,Oris_Ikomi
sajidjavid,carrieapples
stephen_mosley,carrieapples
andreajenkyns,carrieapples
ChiOnwurah,ElectoralCommUK
nataliemcgarry,iainmacwhirter
nataliemcgarry,default_egg
ChrisWhite_MP,stpeterschurch3
PaulBurstow,CharlotteChung_
iswales,LibDems
GradySNP,missjuliewooly
ronniecowan,ChrisMcElenySNP
GregHands,carrieapples
Mark4WyreForest,carrieapples
Steven4Stirling,SNPDunblane
DJWarburton,jojobeale
georgegalloway,MuhammedRaza786
AnnMcKechinMP,Glasgow_Now
JonAshworth,PrincessHaj
_PaulMonaghan,GunnPolitics
julianhuppert,KingOfTwickers
GordonBanksMP,Craigmiller1986
stephen_gilbert,VickiYoung01
StewartMcDonald,theSNP
marklazarowicz,scottishlabour
Steven4Stirling,SNPDunblane
timfarron,Stephen83442562
RobWilson_RDG,GABaines
andreajenkyns,carrieapples
marion53f,Sneekyboy
GeorgeKerevan,cllrStu
TommySheppard,Morag_Allard
DeidreBrock,GrantCu7
Steven4Stirling,SNPDunblane
coyleneil,LukeSorbaLabour
nataliemcgarry,carolynleckie
edvaizey,VoteDavidJones
joannaccherry,EdinSWSNP
MichaelMcCannMP,Daily_Record
RichardBurdenMP,simonfield77
angelasmithmp,AlunR_Thomas
MichaelMcCannMP,bbcquestiontime
iswales,LibDems
MichaelMcCannMP,WelshLabPress
MartinJDocherty,ninacyoung
JonathanPlaid,PoliticsPostsUK
labourlewis,FIFCLtd
MichaelMcCannMP,jon_swindon
MichaelMcCannMP,Eunis_Jassemi
MrJohnNicolson,_davidam19
karlmccartney,GarethJAnderson
JonathanPlaid,greengranma
Steven4Stirling,SNPDunblane
theresecoffey,carrieapples
JWoodcockMP,charlster1
jreynoldsMP,James_Halfpenny
GradySNP,missjuliewooly
JonathanPlaid,HameTaeTheClyde
nataliemcgarry,DavidMcHarg
GradySNP,missjuliewooly
Steven4Stirling,SNPDunblane
Steven4Stirling,SNPDunblane
AngusMacNeilSNP,IndependentScot
stephen_gilbert,TomDeakin95
joannaccherry,LegKnowlScot
nataliemcgarry,Katyroar
nataliemcgarry,flo_jo_mo
LiamByrneMP,ashraf1786
JonathanPlaid,CurryCymraeg
BrendanOHaraSNP,jamieszymko
MichaelMcCannMP,scotsyounglab
_PaulMonaghan,MikeHannity
ChukaUmunna,LabourBIS
PaulBurstow,CharlotteChung_
sheryllmurray,CornwallTory
georgegalloway,aijazmoin
Jo_Cox1,DrAbdulBShaikh
willquince,FSBEssex
DeidreBrock,CrumbsandPetals
wesstreeting,stonewalluk
JasonMcCartney,katielfrank
ChukaUmunna,LabourBIS
Steven4Stirling,SNPDunblane
marklazarowicz,LabourHame
stellacreasy,stonewalluk
alisonthewliss,killiegradge
GeraldJonesLAB,stonewalluk
coyleneil,GeorgeBell93
nataliemcgarry,MartynMcL
IanMurrayMP,CrumbsandPetals
IanMurrayMP,CrumbsandPetals
Peter_Dowd,scouser73
labourlewis,FIFCLtd
nataliemcgarry,mrpaulaitken
nataliemcgarry,mrpaulaitken
dannyalexander,Adoreboard
neil_parish,carrieapples
joannaccherry,CrumbsandPetals
GwynneMP,jackycrawford
MichaelMcCannMP,Haitch7
FrankRoyMP,JohnPentlandMSP
_PaulMonaghan,GunnPolitics
LouiseEllman,DominicMc999
Thomas_Docherty,cara_hilton
JonathanPlaid,_tta__
nataliemcgarry,ldoherty91
hammersmithandy,misslucydav
ChrisLawSNP,muzyahmed_MSYP
HywelPlaidCymru,188693
jreedmp,eddbaIlsmp
georgegalloway,jammm23
nataliemcgarry,RogueCoder250
grahamemorris,JoshuaJPE
marklazarowicz,dhothersall
GeorgeKerevan,Casumptious
SamGyimah,carrieapples
danielbyles,carrieapples
ChukaUmunna,LabourBIS
nataliemcgarry,PartickFeargal
damiangreenmp,carrieapples
nataliemcgarry,SNPEwoodYouth
AngusMacNeilSNP,DekBannan
AngusMacNeilSNP,indycyclist
stephenctimms,SarwarEAlam73
JonathanPlaid,CurryCymraeg
nataliemcgarry,raymondtcbrown
MichaelMcCannMP,kevverage
TasminaSheikh,theSNP
georgegalloway,YasKQ
GeorgeKerevan,cllrStu
andrewpercy,BeckyBarnesB
GeraintDaviesMP,TheJoshuaLovell
MichaelMcCannMP,lachlangunn
nataliemcgarry,MgtFerrierSNP
stephen_mosley,krishopkins2015
JonathanPlaid,CurryCymraeg
Steven4Stirling,SNPDunblane
FrankRoyMP,LordMcConnell
Steven4Stirling,SNPDunblane
Steven4Stirling,SNPDunblane
TommySheppard,jamscott1
lisacameronsnp,Michaeldoris
nataliemcgarry,ASheridanSNP
FrankRoyMP,LordMcConnell
MichaelMcCannMP,MonicaLennon7
MichaelMcCannMP,j_wardrop
MichaelMcCannMP,FT
coyleneil,x00
danielbyles,DeclanLyons
MikeGapes,May2015NS
TasminaSheikh,KevinJPringle
BrandonLewis,carrieapples
iswales,LibDems
labourlewis,FIFCLtd
SamGyimah,carrieapples
ChrisPincher,carrieapples
RebeccaHarrisMP,theinsightedge
georgegalloway,KeithWalkerNews
joannaccherry,EdinSWSNP
joannaccherry,EdinSWSNP
AngusMacNeilSNP,cleanandlight1
SadiqKhan,NJav
nataliemcgarry,JackMcKelvie
andrewpercy,wallaceme
stephen_gilbert,roisinmiller
joannaccherry,EdinSWSNP
lisacameronsnp,killie18691
nataliemcgarry,NicolaSturgeon
MichaelMcCannMP,NaeBorder
stephenctimms,SarwarEAlam73
andrewpercy,rrwholloway
Steven4Stirling,SNPDunblane
nataliemcgarry,Elaineac1
MichaelMcCannMP,shaqfu85
ChukaUmunna,JoeCorina
labourlewis,FIFCLtd
TasminaSheikh,delpaterson
georgegalloway,ukrespectparty
FlickD,carrieapples
danielbyles,DeclanLyons
nataliemcgarry,aitken_marc
GeorgeKerevan,cllrStu
TomTugendhat,LouiseMensch
AngusMacNeilSNP,KAlmsivi
AngusMacNeilSNP,ToniGiugliano
karen__bradley,CCHQPress
ChukaUmunna,LabourBIS
georgegalloway,syedjamalkazmi
FrankRoyMP,StoptheFOBTs
DamianCollins,carrieapples
alisonthewliss,NJASteiner
nataliemcgarry,TheCommonSpace
nataliemcgarry,Shettleston_SNP
iswales,ShiftingGrounds
nataliemcgarry,CPA_UK
nataliemcgarry,StewartMcDonald
OnnMel,itsmarcjones
nataliemcgarry,mrpaulaitken
AngusMacNeilSNP,AnLabhrach
stephen_mosley,carrieapples
andreajenkyns,carrieapples
sajidjavid,carrieapples
TommySheppard,DanSandersonHT
stephen_gilbert,LibDems
MarcusFysh,jojobeale
_PaulMonaghan,GunnPolitics
DJWarburton,jojobeale
DamianCollins,carrieapples
nataliemcgarry,GailLythgoe
RobWilson_RDG,carrieapples
cj_dinenage,LouiseMensch
JoStevensLabour,cerysfurlong
marklazarowicz,ZahiraHassan
GwynneMP,Lizzzzz_E
cj_dinenage,RupertMyers
JoStevensLabour,HMThompson_
nataliemcgarry,NicolaSturgeon
uxbridgewalrus,RupertMyers
andrewpercy,BenPindar
drewhendrySNP,mrs_bremner
RobertJenrick,luke_o_reilly
mtpennycook,lukeblackheath
Caroline_Ansell,MartinLulham
hammersmithandy,PinkCatJo
